title,company_name,has_company_name,salary,has_salary,url,source,description,label
Офис-менеджер,ТОО Amanat Estate,1,,0,https://almaty.hh.kz/vacancy/132222591?hhtmFrom=vacancy_search_list,hh.kz,,
翻译,ТОО GRANDRESOURCES,1,,0,https://almaty.hh.kz/vacancy/132218038?hhtmFrom=vacancy_search_list,hh.kz,,
Личный Водитель,ТОО INDEPENDENT LAWYERS GROUP,1,,0,https://almaty.hh.kz/vacancy/132044018?hhtmFrom=vacancy_search_list,hh.kz,,
Бортпроводник Air Astana (г. Алматы),"AIR ASTANA, АО",1,,0,https://almaty.hh.kz/vacancy/130729662?hhtmFrom=vacancy_search_list,hh.kz,,
Без опыта,ТОО New Rich Inc,1,,0,https://almaty.hh.kz/vacancy/132243361?hhtmFrom=vacancy_search_list,hh.kz,,
Персональный водитель руководителя,ТОО QSM Engineering,1,,0,https://almaty.hh.kz/vacancy/132167005?hhtmFrom=vacancy_search_list,hh.kz,,
"Кассир-оператор на АЗС ""Nomad Oil"" на АЗС",ТОО In oil LTD KZ,1,,0,https://almaty.hh.kz/vacancy/108974177?hhtmFrom=vacancy_search_list,hh.kz,,
Менеджер проектов,АО Центр цифрового развития Национального Банка Казахстана,1,,0,https://almaty.hh.kz/vacancy/131685328?hhtmFrom=vacancy_search_list,hh.kz,,
Администратор,ТОО LMC ASTANA,1,,0,https://almaty.hh.kz/vacancy/132187458?hhtmFrom=vacancy_search_list,hh.kz,,
Повар,ТОО AULET personal,1,,0,https://almaty.hh.kz/vacancy/132210136?hhtmFrom=vacancy_search_list,hh.kz,,
Специалист первой линии,ТОО Astana IT University,1,,0,https://almaty.hh.kz/vacancy/132203172?hhtmFrom=vacancy_search_list,hh.kz,,
Разнорабочий,ТОО Startaff,1,,0,https://almaty.hh.kz/vacancy/132224797?hhtmFrom=vacancy_search_list,hh.kz,,
Водитель,ТОО LF Group,1,,0,https://almaty.hh.kz/vacancy/132230311?hhtmFrom=vacancy_search_list,hh.kz,,
Заместитель директора производственного предприятия,ТОО Аверс Бетон,1,,0,https://almaty.hh.kz/vacancy/132186267?hhtmFrom=vacancy_search_list,hh.kz,,
Frontend-разработчик,АО Банк ЦентрКредит,1,,0,https://almaty.hh.kz/vacancy/132248791?hhtmFrom=vacancy_search_list,hh.kz,,
Персональный водитель руководителя,ТОО InFitness,1,,0,https://almaty.hh.kz/vacancy/132200555?hhtmFrom=vacancy_search_list,hh.kz,,
Водитель,ТОО БОТАЙ АРМАН,1,,0,https://almaty.hh.kz/vacancy/132044493?hhtmFrom=vacancy_search_list,hh.kz,,
Сканировщик на склад товаров из Китая JANA POST в Алматы,ТОО WeFind,1,,0,https://almaty.hh.kz/vacancy/132153947?hhtmFrom=vacancy_search_list,hh.kz,,
Бариста в кофейню Starbucks,ТОО Шая Казахстан,1,,0,https://almaty.hh.kz/vacancy/130945936?hhtmFrom=vacancy_search_list,hh.kz,,
Заместитель Директора сервисной компании,ТОО ORDA INVEST,1,,0,https://almaty.hh.kz/vacancy/132226856?hhtmFrom=vacancy_search_list,hh.kz,,
Хостес,ТОО JS Алматы,1,,0,https://almaty.hh.kz/vacancy/131750755?hhtmFrom=vacancy_search_list,hh.kz,,
Водитель в семью (личный водитель),ТОО MAX Invest,1,,0,https://almaty.hh.kz/vacancy/132146362?hhtmFrom=vacancy_search_list,hh.kz,,
Digital Rights Internship,ACROMAX Media,1,,0,https://almaty.hh.kz/vacancy/131813154?hhtmFrom=vacancy_search_list,hh.kz,,
Водитель,ТОО ICOH Company,1,,0,https://almaty.hh.kz/vacancy/132091474?hhtmFrom=vacancy_search_list,hh.kz,,
"Директор филиала, г. Астана",ТОО Казахстанская топливная компания,1,,0,https://almaty.hh.kz/vacancy/132199692?hhtmFrom=vacancy_search_list,hh.kz,,
Куратор студентов,ТОО ITSTEP Academy Astana,1,,0,https://almaty.hh.kz/vacancy/132233644?hhtmFrom=vacancy_search_list,hh.kz,,
Офис-менеджер/Делопроизводитель,ТОО Полимерстрой Казахстан,1,,0,https://almaty.hh.kz/vacancy/132224997?hhtmFrom=vacancy_search_list,hh.kz,,
Администратор,ТОО SULEIMEN CLINIC,1,,0,https://almaty.hh.kz/vacancy/132262190?hhtmFrom=vacancy_search_list,hh.kz,,
Упаковщица / Упаковщик,ТОО Карина Paper (Карина Пейпа),1,,0,https://almaty.hh.kz/vacancy/132116569?hhtmFrom=vacancy_search_list,hh.kz,,
Делопроизводитель,ТОО Астана Тазалык,1,,0,https://almaty.hh.kz/vacancy/132177524?hhtmFrom=vacancy_search_list,hh.kz,,
Слесарь по ремонту технологических установок,ТОО Стамгазстрой,1,,0,https://almaty.hh.kz/vacancy/132242031?hhtmFrom=vacancy_search_list,hh.kz,,
Менеджер по аналитике и сбору информации,Абдыгалиев Самат,1,,0,https://almaty.hh.kz/vacancy/132150623?hhtmFrom=vacancy_search_list,hh.kz,,
Администратор на ресепшен в фитнес клуб INVICTUS HIGHVILL,ТОО INVICTUS HIGHVILL,1,,0,https://almaty.hh.kz/vacancy/131880706?hhtmFrom=vacancy_search_list,hh.kz,,
Перегонщик автомобилей,АО Группа компаний Аллюр. Розничная сеть,1,,0,https://almaty.hh.kz/vacancy/132187571?hhtmFrom=vacancy_search_list,hh.kz,,
Водитель,Zhanna,1,,0,https://almaty.hh.kz/vacancy/131770533?hhtmFrom=vacancy_search_list,hh.kz,,
Специалист по работе с заказами,ТОО PepsiCo Central Asia (ПепсиКо Центральная Азия),1,,0,https://almaty.hh.kz/vacancy/132146004?hhtmFrom=vacancy_search_list,hh.kz,,
Инспектор подразделения досмотра,"Международный Аэропорт Алматы, АО",1,,0,https://almaty.hh.kz/vacancy/132023500?hhtmFrom=vacancy_search_list,hh.kz,,
Генеральный директор,ТОО МЕТРОЛ,1,,0,https://almaty.hh.kz/vacancy/132179656?hhtmFrom=vacancy_search_list,hh.kz,,
Разработчик Front-End в Проектный офис,АО «Компания по страхованию жизни «Nomad Life»,1,,0,https://almaty.hh.kz/vacancy/132227606?hhtmFrom=vacancy_search_list,hh.kz,,
Оператор по обработке первичных документов,ТОО Фирма Арасан,1,,0,https://almaty.hh.kz/vacancy/132235284?hhtmFrom=vacancy_search_list,hh.kz,,
Водитель,ИП ГРАММАТИКОПУЛО К.И.,1,,0,https://almaty.hh.kz/vacancy/132160700?hhtmFrom=vacancy_search_list,hh.kz,,
Старший менеджер по закупкам,ТОО Ghalam,1,,0,https://almaty.hh.kz/vacancy/131598132?hhtmFrom=vacancy_search_list,hh.kz,,
Стажер-разработчик,ТОО Prime Source,1,,0,https://almaty.hh.kz/vacancy/131896635?hhtmFrom=vacancy_search_list,hh.kz,,
Кассир,ИП Птушко Максим Константинович,1,,0,https://almaty.hh.kz/vacancy/131839276?hhtmFrom=vacancy_search_list,hh.kz,,
Бухгалтер на первичную документацию,ТОО Aina Resources,1,,0,https://almaty.hh.kz/vacancy/132114554?hhtmFrom=vacancy_search_list,hh.kz,,
AI креатор,ИП MindGate,1,,0,https://almaty.hh.kz/vacancy/132077074?hhtmFrom=vacancy_search_list,hh.kz,,
Бренд-менеджер,ТОО JS Алматы,1,,0,https://almaty.hh.kz/vacancy/131742960?hhtmFrom=vacancy_search_list,hh.kz,,
Главный бухгалтер в единственном лице,ТОО ВИЗАМЕТРИК,1,,0,https://almaty.hh.kz/vacancy/132124330?hhtmFrom=vacancy_search_list,hh.kz,,
Мастер по ремонту фар,ИП Амалия,1,,0,https://almaty.hh.kz/vacancy/132255275?hhtmFrom=vacancy_search_list,hh.kz,,
Бухгалтер,ТОО Хорека Фуд,1,,0,https://almaty.hh.kz/vacancy/131724147?hhtmFrom=vacancy_search_list,hh.kz,,
AI креатор,ИП MindGate,1,,0,https://almaty.hh.kz/vacancy/132077074?hhtmFrom=vacancy_search_list,hh.kz,,
Бренд-менеджер,ТОО JS Алматы,1,,0,https://almaty.hh.kz/vacancy/131742960?hhtmFrom=vacancy_search_list,hh.kz,,
Главный бухгалтер в единственном лице,ТОО ВИЗАМЕТРИК,1,,0,https://almaty.hh.kz/vacancy/132124330?hhtmFrom=vacancy_search_list,hh.kz,,
Мастер по ремонту фар,ИП Амалия,1,,0,https://almaty.hh.kz/vacancy/132255275?hhtmFrom=vacancy_search_list,hh.kz,,
Бухгалтер,ТОО Хорека Фуд,1,,0,https://almaty.hh.kz/vacancy/131724147?hhtmFrom=vacancy_search_list,hh.kz,,
Бухгалтер,ТОО ЖК Millennium Park,1,,0,https://almaty.hh.kz/vacancy/131740394?hhtmFrom=vacancy_search_list,hh.kz,,
Администратор-кассир,ТОО Alpamys school,1,,0,https://almaty.hh.kz/vacancy/131770931?hhtmFrom=vacancy_search_list,hh.kz,,
Водитель - экспедитор (пригород),ТОО Масло-Дел,1,,0,https://almaty.hh.kz/vacancy/132230220?hhtmFrom=vacancy_search_list,hh.kz,,
Backend-разработчик (Java),ТОО Yurt Tech,1,,0,https://almaty.hh.kz/vacancy/132180241?hhtmFrom=vacancy_search_list,hh.kz,,
Водитель,ИП Умаров,1,,0,https://almaty.hh.kz/vacancy/132213925?hhtmFrom=vacancy_search_list,hh.kz,,
Специалист технической поддержки,ТОО Sapa Digital Communications,1,,0,https://almaty.hh.kz/vacancy/132207990?hhtmFrom=vacancy_search_list,hh.kz,,
Frontend-разработчик,ЧК Kursiv Media Holding Ltd.,1,,0,https://almaty.hh.kz/vacancy/131427298?hhtmFrom=vacancy_search_list,hh.kz,,
Инженер технической поддержки,АО Исламский банк Заман Банк,1,,0,https://almaty.hh.kz/vacancy/132186608?hhtmFrom=vacancy_search_list,hh.kz,,
Бренд-шеф-повар (CDR),ТОО Рестопарк_кз,1,,0,https://almaty.hh.kz/vacancy/132233070?hhtmFrom=vacancy_search_list,hh.kz,,
Упаковщик/Комплектовщик,ООО МК Эксперт,1,,0,https://almaty.hh.kz/vacancy/132060831?hhtmFrom=vacancy_search_list,hh.kz,,
Директор магазина,ИП Рахмешова,1,,0,https://almaty.hh.kz/vacancy/132077457?hhtmFrom=vacancy_search_list,hh.kz,,
HR специалист,ТОО GKGM,1,,0,https://almaty.hh.kz/vacancy/132148701?hhtmFrom=vacancy_search_list,hh.kz,,
Повар на горячий цех,ТОО Рестопарк_кз,1,,0,https://almaty.hh.kz/vacancy/132198868?hhtmFrom=vacancy_search_list,hh.kz,,
Кассир,ИП Цой «Служба доставки еды Nadom.kz»,1,,0,https://almaty.hh.kz/vacancy/132254189?hhtmFrom=vacancy_search_list,hh.kz,,
Водитель-снабженец,ТОО ZHAYIK MOTORS,1,,0,https://almaty.hh.kz/vacancy/132223329?hhtmFrom=vacancy_search_list,hh.kz,,
Уборщица/Уборщик офисного помещения,ТОО Standard Union (Стандарт Союз) / ТОО KAZAUTOCERT,1,,0,https://almaty.hh.kz/vacancy/132148534?hhtmFrom=vacancy_search_list,hh.kz,,
Водитель/помощник по дому,ТОО МФО Express Finance Group,1,,0,https://almaty.hh.kz/vacancy/132172116?hhtmFrom=vacancy_search_list,hh.kz,,
Product Manager в Krisha.kz,АО Kolesa (АО Колеса),1,,0,https://almaty.hh.kz/vacancy/132057655?hhtmFrom=vacancy_search_list,hh.kz,,
"Продавец-консультант в магазин ""Nike"" (Mega)",ТОО Delta Sport (Казахстан),1,,0,https://almaty.hh.kz/vacancy/132069898?hhtmFrom=vacancy_search_list,hh.kz,,
Руководитель отдела HR,ТОО MONOLIT-GROUP,1,,0,https://almaty.hh.kz/vacancy/132225248?hhtmFrom=vacancy_search_list,hh.kz,,
Ночной помощник водителя,ТОО Jet Sharing,1,,0,https://almaty.hh.kz/vacancy/132064866?hhtmFrom=vacancy_search_list,hh.kz,,
Администратор,ТОО NSGroup,1,,0,https://almaty.hh.kz/vacancy/131569289?hhtmFrom=vacancy_search_list,hh.kz,,
Педагог - воспитатель (Invictus kid's),ТОО Invictus Astana,1,,0,https://almaty.hh.kz/vacancy/131642055?hhtmFrom=vacancy_search_list,hh.kz,,
Продавец-консультант,ТОО FREEDOM MOBILE,1,,0,https://almaty.hh.kz/vacancy/131664997?hhtmFrom=vacancy_search_list,hh.kz,,
Младший инженер (Стажер),ТОО ОВ КАЗАХСТАН,1,,0,https://almaty.hh.kz/vacancy/131778758?hhtmFrom=vacancy_search_list,hh.kz,,
Руководитель службы безопасности,ТОО CU Central Asia,1,,0,https://almaty.hh.kz/vacancy/132145388?hhtmFrom=vacancy_search_list,hh.kz,,
Управляющий,ИП Новак Н.Э.,1,,0,https://almaty.hh.kz/vacancy/132169204?hhtmFrom=vacancy_search_list,hh.kz,,
Продавец консультант,ИП Emmi store,1,,0,https://almaty.hh.kz/vacancy/132185160?hhtmFrom=vacancy_search_list,hh.kz,,
QA инженер,ТОО «Aviata» (Freedom Travel),1,,0,https://almaty.hh.kz/vacancy/132190562?hhtmFrom=vacancy_search_list,hh.kz,,
Бухгалтер,"ТОО Синген, ТОО",1,,0,https://almaty.hh.kz/vacancy/132255407?hhtmFrom=vacancy_search_list,hh.kz,,
Вечерний юрист,ТОО ined.kz,1,,0,https://almaty.hh.kz/vacancy/132222068?hhtmFrom=vacancy_search_list,hh.kz,,
Делопроизводитель,ТОО КАЗАХСТАНСКИЙ МЕЖДУНАРОДНЫЙ КОЛЛЕДЖ,1,,0,https://almaty.hh.kz/vacancy/132091135?hhtmFrom=vacancy_search_list,hh.kz,,
Продавец-консультант,ИП Маляров Р.А. (Milavitsa),1,,0,https://almaty.hh.kz/vacancy/132214211?hhtmFrom=vacancy_search_list,hh.kz,,
Бухгалтер на первичную документацию,ТОО Казфитингпласт,1,,0,https://almaty.hh.kz/vacancy/132127666?hhtmFrom=vacancy_search_list,hh.kz,,
"Стажер по обслуживанию пассажиров, г. Астана","AIR ASTANA, АО",1,,0,https://almaty.hh.kz/vacancy/131895472?hhtmFrom=vacancy_search_list,hh.kz,,
Начальник юридического отдела для группы компаний,ТОО InFitness,1,,0,https://almaty.hh.kz/vacancy/132200573?hhtmFrom=vacancy_search_list,hh.kz,,
Администратор в фитнес-клуб,ИП МОВ,1,,0,https://almaty.hh.kz/vacancy/131807685?hhtmFrom=vacancy_search_list,hh.kz,,
Оператор call-центра,ТОО NOVALUX 1,1,,0,https://almaty.hh.kz/vacancy/132234307?hhtmFrom=vacancy_search_list,hh.kz,,
Специалист по маркетингу и рекламе,Hyundai Premium Batys,1,,0,https://almaty.hh.kz/vacancy/131699844?hhtmFrom=vacancy_search_list,hh.kz,,
Главный менеджер Департамента стратегии и корпоративного планирования,Государственный фонд Alatau City Authority,1,,0,https://almaty.hh.kz/vacancy/132200574?hhtmFrom=vacancy_search_list,hh.kz,,
Frontend Middle - Senior разработчик,"Казтелепорт, АО",1,,0,https://almaty.hh.kz/vacancy/132056047?hhtmFrom=vacancy_search_list,hh.kz,,
HR Administrator,ТОО Bolashak Atyrau,1,,0,https://almaty.hh.kz/vacancy/132122543?hhtmFrom=vacancy_search_list,hh.kz,,
Fullstack-разработчик (Автоматизация бизнес-процессов),АО Kolesa (АО Колеса),1,,0,https://almaty.hh.kz/vacancy/132184840?hhtmFrom=vacancy_search_list,hh.kz,,
Бариста в кофейню Starbucks,ТОО Шая Казахстан,1,,0,https://almaty.hh.kz/vacancy/131857986?hhtmFrom=vacancy_search_list,hh.kz,,
Менеджер пункта выдачи заказов (ПВЗ),ТОО Jana Post,1,,0,https://almaty.hh.kz/vacancy/132184658?hhtmFrom=vacancy_search_list,hh.kz,,
Главный менеджер Департамента стратегии и корпоративного планирования,Государственный фонд Alatau City Authority,1,,0,https://almaty.hh.kz/vacancy/132200574?hhtmFrom=vacancy_search_list,hh.kz,,
Frontend Middle - Senior разработчик,"Казтелепорт, АО",1,,0,https://almaty.hh.kz/vacancy/132056047?hhtmFrom=vacancy_search_list,hh.kz,,
HR Administrator,ТОО Bolashak Atyrau,1,,0,https://almaty.hh.kz/vacancy/132122543?hhtmFrom=vacancy_search_list,hh.kz,,
Fullstack-разработчик (Автоматизация бизнес-процессов),АО Kolesa (АО Колеса),1,,0,https://almaty.hh.kz/vacancy/132184840?hhtmFrom=vacancy_search_list,hh.kz,,
Бариста в кофейню Starbucks,ТОО Шая Казахстан,1,,0,https://almaty.hh.kz/vacancy/131857986?hhtmFrom=vacancy_search_list,hh.kz,,
Менеджер пункта выдачи заказов (ПВЗ),ТОО Jana Post,1,,0,https://almaty.hh.kz/vacancy/132184658?hhtmFrom=vacancy_search_list,hh.kz,,
Менеджер по работе с пассажирами,АО Авиакомпания SCAT,1,,0,https://almaty.hh.kz/vacancy/131629432?hhtmFrom=vacancy_search_list,hh.kz,,
Кондитер,ТОО GOLDENTWIST,1,,0,https://almaty.hh.kz/vacancy/132049206?hhtmFrom=vacancy_search_list,hh.kz,,
Администратор,ИП Therapy,1,,0,https://almaty.hh.kz/vacancy/132257524?hhtmFrom=vacancy_search_list,hh.kz,,
Медицинская сестра/Медицинский брат,ТОО МедЭстетик,1,,0,https://almaty.hh.kz/vacancy/132082611?hhtmFrom=vacancy_search_list,hh.kz,,
Специалист по проектным закупкам,ТОО Штадлер Казахстан,1,,0,https://almaty.hh.kz/vacancy/132220795?hhtmFrom=vacancy_search_list,hh.kz,,
Помощник/ассистент руководителя,ТОО Olymp Medical Group,1,,0,https://almaty.hh.kz/vacancy/132108916?hhtmFrom=vacancy_search_list,hh.kz,,
Сборщик заказов,ТОО Arbuz Group (Арбуз Груп),1,,0,https://almaty.hh.kz/vacancy/131766985?hhtmFrom=vacancy_search_list,hh.kz,,
Sales manager,ТОО IQRA Edu,1,,0,https://almaty.hh.kz/vacancy/131633326?hhtmFrom=vacancy_search_list,hh.kz,,
Менеджер по закупкам и снабжению,ТОО АгроТехМенеджмент,1,,0,https://almaty.hh.kz/vacancy/132107085?hhtmFrom=vacancy_search_list,hh.kz,,
Менеджер по кадровому делопроизводству,ТОО SKK KZ,1,,0,https://almaty.hh.kz/vacancy/132118426?hhtmFrom=vacancy_search_list,hh.kz,,
Флорист-менеджер по продажам,ИП Dabi,1,,0,https://almaty.hh.kz/vacancy/131881800?hhtmFrom=vacancy_search_list,hh.kz,,
Охранник,ТОО TUV Construction,1,,0,https://almaty.hh.kz/vacancy/131671985?hhtmFrom=vacancy_search_list,hh.kz,,
Продавец-консультант,ИП ДУЙСЕНОВА Н.М.,1,,0,https://almaty.hh.kz/vacancy/132130774?hhtmFrom=vacancy_search_list,hh.kz,,
Сантехник,ТОО Аксай-Нан ХБК,1,,0,https://almaty.hh.kz/vacancy/132185137?hhtmFrom=vacancy_search_list,hh.kz,,
Дегустатор в магазин,ИП Чачидзе Осман Сальварович,1,,0,https://almaty.hh.kz/vacancy/132227056?hhtmFrom=vacancy_search_list,hh.kz,,
Специалист по закупкам,ТОО Freedom Holding Operations,1,,0,https://almaty.hh.kz/vacancy/132185402?hhtmFrom=vacancy_search_list,hh.kz,,
"Администратор в Общественные ""Орловские Бани""",ТОО Sun Group,1,,0,https://almaty.hh.kz/vacancy/132060364?hhtmFrom=vacancy_search_list,hh.kz,,
Директор филиала,ТОО ALTRA TYRES,1,,0,https://almaty.hh.kz/vacancy/132257231?hhtmFrom=vacancy_search_list,hh.kz,,
Шеф-повар,ТОО Smart strategies and development,1,,0,https://almaty.hh.kz/vacancy/132188690?hhtmFrom=vacancy_search_list,hh.kz,,
Ночной охранник,Частная компания Sana Holding Ltd.,1,,0,https://almaty.hh.kz/vacancy/131957092?hhtmFrom=vacancy_search_list,hh.kz,,
Python-разработчик,ТОО Фромтек,1,,0,https://almaty.hh.kz/vacancy/132233973?hhtmFrom=vacancy_search_list,hh.kz,,
HR Administrator (Astana 5/2),ТОО Bolashak Atyrau,1,,0,https://almaty.hh.kz/vacancy/132104722?hhtmFrom=vacancy_search_list,hh.kz,,
Backend-разработчик (Python),ТОО Аврора Сервис,1,,0,https://almaty.hh.kz/vacancy/132068300?hhtmFrom=vacancy_search_list,hh.kz,,
Бизнес-аналитик / BI-аналитик,ТОО VICI-KAZAKHSTAN,1,,0,https://almaty.hh.kz/vacancy/132101546?hhtmFrom=vacancy_search_list,hh.kz,,
Уборщица/уборщик офиса,ТОО ЛОКАЛ ФАРМ,1,,0,https://almaty.hh.kz/vacancy/132228082?hhtmFrom=vacancy_search_list,hh.kz,,
PROJECT COORDINATION SUPPORT,ФИЛИАЛ АССОЦИАЦИИ ВРАЧИ БЕЗ ГРАНИЦ (ШВЕЙЦАРИЯ) В КАЗАХСТАНЕ,1,,0,https://almaty.hh.kz/vacancy/132146486?hhtmFrom=vacancy_search_list,hh.kz,,
Мойщик посуды,ИП Qulpynai Bakery ( ИП Ай-Ханым),1,,0,https://almaty.hh.kz/vacancy/132148498?hhtmFrom=vacancy_search_list,hh.kz,,
Официант,ИП Vega Food,1,,0,https://almaty.hh.kz/vacancy/130678309?hhtmFrom=vacancy_search_list,hh.kz,,
Медицинский регистратор,ТОО Flebokaraganda,1,,0,https://almaty.hh.kz/vacancy/131065793?hhtmFrom=vacancy_search_list,hh.kz,,
Сборщик заказов,ТОО Qazaq Republic,1,,0,https://almaty.hh.kz/vacancy/131608680?hhtmFrom=vacancy_search_list,hh.kz,,
Водитель руководителя (Транспортный отдел Административно-хозяйственного департамента),АО Bank RBK,1,,0,https://almaty.hh.kz/vacancy/132106832?hhtmFrom=vacancy_search_list,hh.kz,,
Менеджер по продажам,ТОО BLESK.KZ,1,,0,https://almaty.hh.kz/vacancy/131806237?hhtmFrom=vacancy_search_list,hh.kz,,
Операционный менеджер Yourt,BI Group. BI Service,1,,0,https://almaty.hh.kz/vacancy/132111757?hhtmFrom=vacancy_search_list,hh.kz,,
Бухгалтер,ТОО West Power Group /Вест Пауэр Групп/,1,,0,https://almaty.hh.kz/vacancy/132253689?hhtmFrom=vacancy_search_list,hh.kz,,
Директор филиала в г.Караганда,"Радуга, ТОО (Компания Raduga KDR)",1,,0,https://almaty.hh.kz/vacancy/132241930?hhtmFrom=vacancy_search_list,hh.kz,,
Водитель-экспедитор,ТОО KazProfiOil,1,,0,https://almaty.hh.kz/vacancy/132166871?hhtmFrom=vacancy_search_list,hh.kz,,
Упаковщик,ТОО Альянс 2006,1,,0,https://almaty.hh.kz/vacancy/132226883?hhtmFrom=vacancy_search_list,hh.kz,,
Тестировщик ПО,ТОО Prime Source,1,,0,https://almaty.hh.kz/vacancy/131599763?hhtmFrom=vacancy_search_list,hh.kz,,
BI аналитик / BI Analyst,ТОО Нестле Фуд Казахстан,1,,0,https://almaty.hh.kz/vacancy/132090006?hhtmFrom=vacancy_search_list,hh.kz,,
Водитель,ТОО Электрозавод сервис,1,,0,https://almaty.hh.kz/vacancy/132242561?hhtmFrom=vacancy_search_list,hh.kz,,
"Бухгалтер-калькулятор в ТОО ""Palau Shaihana""",ТОО Monteverde food,1,,0,https://almaty.hh.kz/vacancy/132244437?hhtmFrom=vacancy_search_list,hh.kz,,
Оператор на WhatsApp,ТОО Зерен Алтын Орман,1,,0,https://almaty.hh.kz/vacancy/129836667?hhtmFrom=vacancy_search_list,hh.kz,,
Персональный официант,ИП Rams Qazaqstan,1,,0,https://almaty.hh.kz/vacancy/132065919?hhtmFrom=vacancy_search_list,hh.kz,,
Специалист службы технической поддержки пользователей,"AIR ASTANA, АО",1,,0,https://almaty.hh.kz/vacancy/132161419?hhtmFrom=vacancy_search_list,hh.kz,,
Водитель-экспедитор,ТОО KazProfiOil,1,,0,https://almaty.hh.kz/vacancy/132166871?hhtmFrom=vacancy_search_list,hh.kz,,
Упаковщик,ТОО Альянс 2006,1,,0,https://almaty.hh.kz/vacancy/132226883?hhtmFrom=vacancy_search_list,hh.kz,,
BI аналитик / BI Analyst,ТОО Нестле Фуд Казахстан,1,,0,https://almaty.hh.kz/vacancy/132090006?hhtmFrom=vacancy_search_list,hh.kz,,
"Бухгалтер-калькулятор в ТОО ""Palau Shaihana""",ТОО Monteverde food,1,,0,https://almaty.hh.kz/vacancy/132244437?hhtmFrom=vacancy_search_list,hh.kz,,
Персональный официант,ИП Rams Qazaqstan,1,,0,https://almaty.hh.kz/vacancy/132065919?hhtmFrom=vacancy_search_list,hh.kz,,
Водитель,ТОО Электрозавод сервис,1,,0,https://almaty.hh.kz/vacancy/132242561?hhtmFrom=vacancy_search_list,hh.kz,,
Оператор на WhatsApp,ТОО Зерен Алтын Орман,1,,0,https://almaty.hh.kz/vacancy/129836667?hhtmFrom=vacancy_search_list,hh.kz,,
Специалист службы технической поддержки пользователей,"AIR ASTANA, АО",1,,0,https://almaty.hh.kz/vacancy/132161419?hhtmFrom=vacancy_search_list,hh.kz,,
Семейный водитель,INVESCO DEVELOPMENT (ЧК Cred Group Holding),1,,0,https://almaty.hh.kz/vacancy/131838030?hhtmFrom=vacancy_search_list,hh.kz,,
Бариста в Drinkit,ТОО Drinkit,1,,0,https://almaty.hh.kz/vacancy/131989276?hhtmFrom=vacancy_search_list,hh.kz,,
Бухгалтер калькулятор в ресторан при отеле,ТОО KBE-SERVICE (КБЕ-СЕРВИС),1,,0,https://almaty.hh.kz/vacancy/132161818?hhtmFrom=vacancy_search_list,hh.kz,,
Помощник фотографа,ИП SARYARQA PRODUCTION,1,,0,https://almaty.hh.kz/vacancy/131826130?hhtmFrom=vacancy_search_list,hh.kz,,
Электрик,ИП Инженерно-технический центр,1,,0,https://almaty.hh.kz/vacancy/132252870?hhtmFrom=vacancy_search_list,hh.kz,,
Специалист call-центра (без продаж),ООО Диалогия,1,,0,https://almaty.hh.kz/vacancy/131546448?hhtmFrom=vacancy_search_list,hh.kz,,
Бухгалтер по реализации / Бухгалтер по первичной документации,ТОО LANS-Auto,1,,0,https://almaty.hh.kz/vacancy/131779111?hhtmFrom=vacancy_search_list,hh.kz,,
Личный водитель/водитель компании,ТОО ANTONOVYCH DESIGN,1,,0,https://almaty.hh.kz/vacancy/131983058?hhtmFrom=vacancy_search_list,hh.kz,,
Охранник,ТОО Кәсіби Құрылыс,1,,0,https://almaty.hh.kz/vacancy/132111073?hhtmFrom=vacancy_search_list,hh.kz,,
Ветеринарный врач,ТОО Группа компании АЛТЫНЖҰЛДЫЗ,1,,0,https://almaty.hh.kz/vacancy/132112591?hhtmFrom=vacancy_search_list,hh.kz,,
Супервайзер-администратор,АО Aitas KZ,1,,0,https://almaty.hh.kz/vacancy/132259553?hhtmFrom=vacancy_search_list,hh.kz,,
Координатор путешествий,ИП Event Plus,1,,0,https://almaty.hh.kz/vacancy/131836621?hhtmFrom=vacancy_search_list,hh.kz,,
Frontend разработчик (Middle),"ТОО Small, ТМ (Скиф Трейд, ТОО)",1,,0,https://almaty.hh.kz/vacancy/132149293?hhtmFrom=vacancy_search_list,hh.kz,,
Главный бухгалтер,ТОО Дом приёмов Астана,1,,0,https://almaty.hh.kz/vacancy/132245164?hhtmFrom=vacancy_search_list,hh.kz,,
Офис-менеджер,ИП Royal Consulting 09,1,,0,https://almaty.hh.kz/vacancy/132126059?hhtmFrom=vacancy_search_list,hh.kz,,
Менеджера по кадровому администрированию и найму,"ТОО COMRUN, ТМ re:Kassa",1,,0,https://almaty.hh.kz/vacancy/132162988?hhtmFrom=vacancy_search_list,hh.kz,,
Бариста в кофейню WEDRINK,ИП Dos trade,1,,0,https://almaty.hh.kz/vacancy/132215529?hhtmFrom=vacancy_search_list,hh.kz,,
Бариста,ИП Бугимбаева Ч.Ч.,1,,0,https://almaty.hh.kz/vacancy/132127624?hhtmFrom=vacancy_search_list,hh.kz,,
Водитель на собственном автомобиле,ТОО TT BAKERY,1,,0,https://almaty.hh.kz/vacancy/132087286?hhtmFrom=vacancy_search_list,hh.kz,,
"Электромонтер по ремонту и обслуживанию электрооборудования (до 1000 В, III группа)",ТОО Автомотив Ассистанс Альянс,1,,0,https://almaty.hh.kz/vacancy/132166408?hhtmFrom=vacancy_search_list,hh.kz,,
Системный администратор,ТОО Медицинский центр QarMed,1,,0,https://almaty.hh.kz/vacancy/132189146?hhtmFrom=vacancy_search_list,hh.kz,,
Администратор студии женского здоровья,ТОО TMR Group International,1,,0,https://almaty.hh.kz/vacancy/131600397?hhtmFrom=vacancy_search_list,hh.kz,,
Менеджер по подбору персонала,ООО МК Стройгрупп,1,,0,https://almaty.hh.kz/vacancy/132005048?hhtmFrom=vacancy_search_list,hh.kz,,
Промоутер-консультант в Табачную компанию,ТОО Get Target Agency,1,,0,https://almaty.hh.kz/vacancy/130592283?hhtmFrom=vacancy_search_list,hh.kz,,
Кондитер,ИП TAVERNA GROUP,1,,0,https://almaty.hh.kz/vacancy/132059167?hhtmFrom=vacancy_search_list,hh.kz,,
Junior Brand Manager,"Danone, ТМ",1,,0,https://almaty.hh.kz/vacancy/132126115?hhtmFrom=vacancy_search_list,hh.kz,,
Электрик,ТОО AstanaLuxBuild,1,,0,https://almaty.hh.kz/vacancy/132201482?hhtmFrom=vacancy_search_list,hh.kz,,
Няня в семью,ТОО Алвипи,1,,0,https://almaty.hh.kz/vacancy/132120091?hhtmFrom=vacancy_search_list,hh.kz,,
Менеджер цифровых проектов (Digital Project Manager),ТОО PREMIUM AUTO ALMATY (АВТОЦЕНТР-БАВАРИЯ),1,,0,https://almaty.hh.kz/vacancy/132059118?hhtmFrom=vacancy_search_list,hh.kz,,
Диспетчер службы доставки,Mechta.kz TM ( ТОО Мечта Маркет ),1,,0,https://almaty.hh.kz/vacancy/132056495?hhtmFrom=vacancy_search_list,hh.kz,,
Менеджер отдела управления маршрутами,АО Авиакомпания SCAT,1,,0,https://almaty.hh.kz/vacancy/131645420?hhtmFrom=vacancy_search_list,hh.kz,,
Оформитель-декоратор,ИП Пак О.Т.,1,,0,https://almaty.hh.kz/vacancy/131631460?hhtmFrom=vacancy_search_list,hh.kz,,
"Executive Assistant (G-5), TA, Kazakhstan, Astana - Kazakhstan",Представительство Детского фонда ООН (ЮНИСЕФ),1,,0,https://almaty.hh.kz/vacancy/132200681?hhtmFrom=vacancy_search_list,hh.kz,,
Педагог по живописи,ИП Детский клуб Династия,1,,0,https://almaty.hh.kz/vacancy/132220878?hhtmFrom=vacancy_search_list,hh.kz,,
Менеджер по кадровому делопроизводству,ТОО Smart strategies and development,1,,0,https://almaty.hh.kz/vacancy/132246156?hhtmFrom=vacancy_search_list,hh.kz,,
Бар-леди/бар-мен в заведение,ИП Angels.kz,1,,0,https://almaty.hh.kz/vacancy/131799145?hhtmFrom=vacancy_search_list,hh.kz,,
Управляющий в компьютерный клуб,ИП XO GAME CLUB,1,,0,https://almaty.hh.kz/vacancy/132046507?hhtmFrom=vacancy_search_list,hh.kz,,
"Главный юрист, г. Астана",ТОО Медикер,1,,0,https://almaty.hh.kz/vacancy/132107768?hhtmFrom=vacancy_search_list,hh.kz,,
Директор по маркетингу,ТОО Freedom Events,1,,0,https://almaty.hh.kz/vacancy/132079935?hhtmFrom=vacancy_search_list,hh.kz,,
Начальник IT-отдела,ТОО МолКом-Павлодар,1,,0,https://almaty.hh.kz/vacancy/132155674?hhtmFrom=vacancy_search_list,hh.kz,,
Оператор call-центра(входящие заявки/ горячие лиды),ТОО QUBIQ GROUP,1,,0,https://almaty.hh.kz/vacancy/131700815?hhtmFrom=vacancy_search_list,hh.kz,,
Офис-менеджер,ТОО TUMAR Group,1,,0,https://almaty.hh.kz/vacancy/132249240?hhtmFrom=vacancy_search_list,hh.kz,,
Управляющий в компьютерный клуб,ИП XO GAME CLUB,1,,0,https://almaty.hh.kz/vacancy/132046507?hhtmFrom=vacancy_search_list,hh.kz,,
"Главный юрист, г. Астана",ТОО Медикер,1,,0,https://almaty.hh.kz/vacancy/132107768?hhtmFrom=vacancy_search_list,hh.kz,,
Директор по маркетингу,ТОО Freedom Events,1,,0,https://almaty.hh.kz/vacancy/132079935?hhtmFrom=vacancy_search_list,hh.kz,,
Начальник IT-отдела,ТОО МолКом-Павлодар,1,,0,https://almaty.hh.kz/vacancy/132155674?hhtmFrom=vacancy_search_list,hh.kz,,
Оператор call-центра(входящие заявки/ горячие лиды),ТОО QUBIQ GROUP,1,,0,https://almaty.hh.kz/vacancy/131700815?hhtmFrom=vacancy_search_list,hh.kz,,
Офис-менеджер,ТОО TUMAR Group,1,,0,https://almaty.hh.kz/vacancy/132249240?hhtmFrom=vacancy_search_list,hh.kz,,
Сантехник,ТОО Хуа Ю Интернационал в Казахстане,1,,0,https://almaty.hh.kz/vacancy/132127699?hhtmFrom=vacancy_search_list,hh.kz,,
Document Control Specialist,ТОО ZTE Kazakhstan (ЗТИ Казахстан),1,,0,https://almaty.hh.kz/vacancy/132193812?hhtmFrom=vacancy_search_list,hh.kz,,
Директор,ТОО Doctor Karin Uralsk,1,,0,https://almaty.hh.kz/vacancy/132224064?hhtmFrom=vacancy_search_list,hh.kz,,
Охранник,ИП Алаша,1,,0,https://almaty.hh.kz/vacancy/132172755?hhtmFrom=vacancy_search_list,hh.kz,,
Администратор-кассир в компьютерный клуб,ТОО ПЛЕЙИН,1,,0,https://almaty.hh.kz/vacancy/131889676?hhtmFrom=vacancy_search_list,hh.kz,,
Водитель офисный на автомобиль работодателя,АО Нобел Алматинская Фармацевтическая Фабрика,1,,0,https://almaty.hh.kz/vacancy/132008694?hhtmFrom=vacancy_search_list,hh.kz,,
Системный администратор/инженер технической поддержки (IT Infrastructure & Retail Solutions),ТОО Decathlon,1,,0,https://almaty.hh.kz/vacancy/132251037?hhtmFrom=vacancy_search_list,hh.kz,,
Продавец в Зоомагазин,ИП Бельский А.А.,1,,0,https://almaty.hh.kz/vacancy/131921187?hhtmFrom=vacancy_search_list,hh.kz,,
Няня,Женис Аружан,1,,0,https://almaty.hh.kz/vacancy/131433916?hhtmFrom=vacancy_search_list,hh.kz,,
Охранник,ТОО KASTA-SECURITY,1,,0,https://almaty.hh.kz/vacancy/131995721?hhtmFrom=vacancy_search_list,hh.kz,,
Плотник,ТОО СпецтреидТМ,1,,0,https://almaty.hh.kz/vacancy/132175911?hhtmFrom=vacancy_search_list,hh.kz,,
Главный менеджер Департамента инвестиций и международного сотрудничества,Государственный фонд Alatau City Authority,1,,0,https://almaty.hh.kz/vacancy/131812857?hhtmFrom=vacancy_search_list,hh.kz,,
Бариста Wedrink,ИП LARP,1,,0,https://almaty.hh.kz/vacancy/130763112?hhtmFrom=vacancy_search_list,hh.kz,,
HR Administration (Karabatan 5/2),ТОО Bolashak Atyrau,1,,0,https://almaty.hh.kz/vacancy/132104069?hhtmFrom=vacancy_search_list,hh.kz,,
Помощник по работе с командой,ТОО Successful choice,1,,0,https://almaty.hh.kz/vacancy/132070202?hhtmFrom=vacancy_search_list,hh.kz,,
Повар универсал в отель,ТОО Building Resources,1,,0,https://almaty.hh.kz/vacancy/132122845?hhtmFrom=vacancy_search_list,hh.kz,,
Заведующий административно-хозяйственной частью,ТОО MAX Invest,1,,0,https://almaty.hh.kz/vacancy/132146565?hhtmFrom=vacancy_search_list,hh.kz,,
Директор,ТОО Торговый дом Кирпич Астана,1,,0,https://almaty.hh.kz/vacancy/132150894?hhtmFrom=vacancy_search_list,hh.kz,,
Начальник планово-экономического отдела,ТОО Smart strategies and development,1,,0,https://almaty.hh.kz/vacancy/132149467?hhtmFrom=vacancy_search_list,hh.kz,,
Юрист,ТОО Научно-производственная фирма Пружина,1,,0,https://almaty.hh.kz/vacancy/132189242?hhtmFrom=vacancy_search_list,hh.kz,,
Сотрудник в цех,ИП Кобпаев Д.К.,1,,0,https://almaty.hh.kz/vacancy/131735948?hhtmFrom=vacancy_search_list,hh.kz,,
Главный менеджер отдела документационного обеспечения,ТОО QazaqOil (PetroRetail),1,,0,https://almaty.hh.kz/vacancy/132207231?hhtmFrom=vacancy_search_list,hh.kz,,
Помощник бухгалтера,ТОО Айдана78,1,,0,https://almaty.hh.kz/vacancy/132122542?hhtmFrom=vacancy_search_list,hh.kz,,
HR Generalist,ТОО HAS Global Logistic,1,,0,https://almaty.hh.kz/vacancy/132221566?hhtmFrom=vacancy_search_list,hh.kz,,
Бухгалтер,ТОО Зерновая компания Сункар и к,1,,0,https://almaty.hh.kz/vacancy/132226818?hhtmFrom=vacancy_search_list,hh.kz,,
Переплетчик бумажной продукции,ИП типография Папирус плюс,1,,0,https://almaty.hh.kz/vacancy/132164621?hhtmFrom=vacancy_search_list,hh.kz,,
Front-End Developer,Частная компания “Automated Communication Solutions Ltd.”,1,,0,https://almaty.hh.kz/vacancy/132195211?hhtmFrom=vacancy_search_list,hh.kz,,
Java backend developer,Kaspi.kz,1,,0,https://almaty.hh.kz/vacancy/132184066?hhtmFrom=vacancy_search_list,hh.kz,,
Менеджер по продажам услуг,ТОО Центр профессиональной подготовки Nurikon,1,,0,https://almaty.hh.kz/vacancy/131848808?hhtmFrom=vacancy_search_list,hh.kz,,
Менеджер по продажам (ночной),ТОО ZakazBuketov.KZ,1,,0,https://almaty.hh.kz/vacancy/131917237?hhtmFrom=vacancy_search_list,hh.kz,,
Специалист службы поддержки пользователей (IT Help Desk),АО Центр цифрового развития Национального Банка Казахстана,1,,0,https://almaty.hh.kz/vacancy/132207332?hhtmFrom=vacancy_search_list,hh.kz,,
Оператор компьютерного клуба,ТОО Alpamys school,1,,0,https://almaty.hh.kz/vacancy/131770761?hhtmFrom=vacancy_search_list,hh.kz,,
Товаровед на склад (Kaspi-магазин),ИП DIGITAL MEDIA GROUP,1,,0,https://almaty.hh.kz/vacancy/132174778?hhtmFrom=vacancy_search_list,hh.kz,,
Главный бухгалтер (Бухгалтер универсал),ТОО LANS-Auto,1,,0,https://almaty.hh.kz/vacancy/131720693?hhtmFrom=vacancy_search_list,hh.kz,,
Продавец консультант,Садыкова Айгуль,1,,0,https://almaty.hh.kz/vacancy/132253107?hhtmFrom=vacancy_search_list,hh.kz,,
Администратор,ИП КАРТБАЕВ Ж.Е.,1,,0,https://almaty.hh.kz/vacancy/132236144?hhtmFrom=vacancy_search_list,hh.kz,,
Администратор салона красоты,ИП AR Beauty (KARA beauty lounge),1,,0,https://almaty.hh.kz/vacancy/132009153?hhtmFrom=vacancy_search_list,hh.kz,,
Бариста/Бариста-Кассир,ИП DEGREE DRINKS,1,,0,https://almaty.hh.kz/vacancy/131611245?hhtmFrom=vacancy_search_list,hh.kz,,
Директор филиала,Hircost,1,,0,https://almaty.hh.kz/vacancy/132192640?hhtmFrom=vacancy_search_list,hh.kz,,
Администратор,Школа бокса MDboxing,1,,0,https://almaty.hh.kz/vacancy/132247015?hhtmFrom=vacancy_search_list,hh.kz,,
Продавец в алкомаркет,ИП Новик Л.И,1,,0,https://almaty.hh.kz/vacancy/131834450?hhtmFrom=vacancy_search_list,hh.kz,,
Уборщица/уборщик на склад,ТОО ПЕРВЫЙ ПИВЗАВОД,1,,0,https://almaty.hh.kz/vacancy/132147867?hhtmFrom=vacancy_search_list,hh.kz,,
会计,ТОО GRANDRESOURCES,1,,0,https://almaty.hh.kz/vacancy/131997700?hhtmFrom=vacancy_search_list,hh.kz,,
Хостес,ТОО SG Restaurants (CHEchil),1,,0,https://almaty.hh.kz/vacancy/131684911?hhtmFrom=vacancy_search_list,hh.kz,,
Администратор,Школа бокса MDboxing,1,,0,https://almaty.hh.kz/vacancy/132247015?hhtmFrom=vacancy_search_list,hh.kz,,
Продавец в алкомаркет,ИП Новик Л.И,1,,0,https://almaty.hh.kz/vacancy/131834450?hhtmFrom=vacancy_search_list,hh.kz,,
Уборщица/уборщик на склад,ТОО ПЕРВЫЙ ПИВЗАВОД,1,,0,https://almaty.hh.kz/vacancy/132147867?hhtmFrom=vacancy_search_list,hh.kz,,
会计,ТОО GRANDRESOURCES,1,,0,https://almaty.hh.kz/vacancy/131997700?hhtmFrom=vacancy_search_list,hh.kz,,
Хостес,ТОО SG Restaurants (CHEchil),1,,0,https://almaty.hh.kz/vacancy/131684911?hhtmFrom=vacancy_search_list,hh.kz,,
QA инженер Middle/Middle+,ТОО My Startups,1,,0,https://almaty.hh.kz/vacancy/132118437?hhtmFrom=vacancy_search_list,hh.kz,,
Региональный менеджер,"Евразиан Фудс Корпорэйшн, АО",1,,0,https://almaty.hh.kz/vacancy/132188298?hhtmFrom=vacancy_search_list,hh.kz,,
Менеджер по закупкам и снабжению,ЧК Central Asia International Holding Group Ltd.,1,,0,https://almaty.hh.kz/vacancy/132079594?hhtmFrom=vacancy_search_list,hh.kz,,
Уборщица/уборщик,ТОО Ozyurt Food,1,,0,https://almaty.hh.kz/vacancy/132221779?hhtmFrom=vacancy_search_list,hh.kz,,
Специалист по управлению персоналом,ТОО Бюро Инженерного Проектирования,1,,0,https://almaty.hh.kz/vacancy/132192180?hhtmFrom=vacancy_search_list,hh.kz,,
Администратор,ИП Ибраев,1,,0,https://almaty.hh.kz/vacancy/131485380?hhtmFrom=vacancy_search_list,hh.kz,,
Директор представительства,ООО ГЕТ ЭКСПЕРТС РЕКРУТМЕНТ,1,,0,https://almaty.hh.kz/vacancy/132257802?hhtmFrom=vacancy_search_list,hh.kz,,
Электрик (производство),ТОО PET,1,,0,https://almaty.hh.kz/vacancy/132237938?hhtmFrom=vacancy_search_list,hh.kz,,
"Кассир ресепшен в банный комплекс ""Орловские Бани""",ТОО Sun Group,1,,0,https://almaty.hh.kz/vacancy/131835299?hhtmFrom=vacancy_search_list,hh.kz,,
Заместитель коммерческого директора по операционному управлению,ТОО Recrutoman,1,,0,https://almaty.hh.kz/vacancy/132097525?hhtmFrom=vacancy_search_list,hh.kz,,
Помощник юриста,ТОО Мунай Каспий Газ,1,,0,https://almaty.hh.kz/vacancy/132244529?hhtmFrom=vacancy_search_list,hh.kz,,
Администратор,ТОО KZBURO,1,,0,https://almaty.hh.kz/vacancy/131674046?hhtmFrom=vacancy_search_list,hh.kz,,
Manual QA инженер (Middle),ТОО A1 CAPITAL,1,,0,https://almaty.hh.kz/vacancy/132151566?hhtmFrom=vacancy_search_list,hh.kz,,
Младший бухгалтер,ТОО MG Partners Commercial,1,,0,https://almaty.hh.kz/vacancy/132209430?hhtmFrom=vacancy_search_list,hh.kz,,
Стажёр в Департаменте наземных операций,"Международный Аэропорт Алматы, АО",1,,0,https://almaty.hh.kz/vacancy/132108145?hhtmFrom=vacancy_search_list,hh.kz,,
Оператор производственной линии,"Galanz Bottlers, АО",1,,0,https://almaty.hh.kz/vacancy/132161370?hhtmFrom=vacancy_search_list,hh.kz,,
Личный переводчик,ТОО АЛМАТИНСКИЙ СОВРЕМЕННЫЙ ЦЕНТР ОЗДОРОВЛЕНИЯ,1,,0,https://almaty.hh.kz/vacancy/132077785?hhtmFrom=vacancy_search_list,hh.kz,,
Водитель - снабженец,ТОО ЭкспрессПол,1,,0,https://almaty.hh.kz/vacancy/132084966?hhtmFrom=vacancy_search_list,hh.kz,,
Бариста,ИП Беликов И.В.,1,,0,https://almaty.hh.kz/vacancy/131572953?hhtmFrom=vacancy_search_list,hh.kz,,
Оператор в архив,"АО Халык-Life, АО",1,,0,https://almaty.hh.kz/vacancy/131975171?hhtmFrom=vacancy_search_list,hh.kz,,
Бухгалтер,ТОО СКО TOP MOTORS KZ,1,,0,https://almaty.hh.kz/vacancy/132203316?hhtmFrom=vacancy_search_list,hh.kz,,
Хостес,ТОО Trifolium NS,1,,0,https://almaty.hh.kz/vacancy/132087472?hhtmFrom=vacancy_search_list,hh.kz,,
Инженер-программист АСУ,ЧК Kazferro Limited,1,,0,https://almaty.hh.kz/vacancy/132222761?hhtmFrom=vacancy_search_list,hh.kz,,
Грузчик на KASPI склад в Усть-Каменогорск,ТОО WeFind,1,,0,https://almaty.hh.kz/vacancy/132146382?hhtmFrom=vacancy_search_list,hh.kz,,
Системный администратор,ТОО Интерстрой НС,1,,0,https://almaty.hh.kz/vacancy/132193820?hhtmFrom=vacancy_search_list,hh.kz,,
Специалист службы технической поддержки,ТОО MAGNUM. Информационные технологии/Ақпараттық технологиялар,1,,0,https://almaty.hh.kz/vacancy/132232697?hhtmFrom=vacancy_search_list,hh.kz,,
Ведущий бухгалтер,ТОО FINACCELPRO,1,,0,https://almaty.hh.kz/vacancy/132253100?hhtmFrom=vacancy_search_list,hh.kz,,
Охранник,ТОО CENTER SECURITY SERVICE,1,,0,https://almaty.hh.kz/vacancy/132129976?hhtmFrom=vacancy_search_list,hh.kz,,
HR-специалист в TikTok-компанию,ТОО FREEZONE KAZAKHSTAN,1,,0,https://almaty.hh.kz/vacancy/132049541?hhtmFrom=vacancy_search_list,hh.kz,,
Эксперт (Партнерства),Евразийский фонд стабилизации и развития,1,,0,https://almaty.hh.kz/vacancy/132159177?hhtmFrom=vacancy_search_list,hh.kz,,
Администратор,ТОО Status Cars,1,,0,https://almaty.hh.kz/vacancy/132135673?hhtmFrom=vacancy_search_list,hh.kz,,
Ночной флорист,ТОО ZakazBuketov.KZ,1,,0,https://almaty.hh.kz/vacancy/131875059?hhtmFrom=vacancy_search_list,hh.kz,,
Администратор Школы плавания «iSwim»,ТОО ISWIM,1,,0,https://almaty.hh.kz/vacancy/131778771?hhtmFrom=vacancy_search_list,hh.kz,,
Бармен,ИП UniverService,1,,0,https://almaty.hh.kz/vacancy/131712706?hhtmFrom=vacancy_search_list,hh.kz,,
Няня,Клещенко Вероника,1,,0,https://almaty.hh.kz/vacancy/131995440?hhtmFrom=vacancy_search_list,hh.kz,,
Администратор в косметологической клинике,ТОО CLEAN SKIN,1,,0,https://almaty.hh.kz/vacancy/132003068?hhtmFrom=vacancy_search_list,hh.kz,,
"Специалист центра обслуживания, г. Есик",АО ЕНПФ,1,,0,https://almaty.hh.kz/vacancy/132199022?hhtmFrom=vacancy_search_list,hh.kz,,
Оператор симулятора гонок,ИП Логунов,1,,0,https://almaty.hh.kz/vacancy/132255836?hhtmFrom=vacancy_search_list,hh.kz,,
Семейный водитель,ТОО MUNglobal,1,,0,https://almaty.hh.kz/vacancy/131870931?hhtmFrom=vacancy_search_list,hh.kz,,
Медсестра/Медбрат,ТОО БЕРКУТ-2016,1,,0,https://almaty.hh.kz/vacancy/132161783?hhtmFrom=vacancy_search_list,hh.kz,,
Бухгалтер в аутсорсинговую компанию,ТОО Баланс успеха,1,,0,https://almaty.hh.kz/vacancy/132180267?hhtmFrom=vacancy_search_list,hh.kz,,
Водитель-экспедитор,ИП BARAKA №1,1,,0,https://almaty.hh.kz/vacancy/131956344?hhtmFrom=vacancy_search_list,hh.kz,,
DevOps-инженер,ТОО SlonW,1,,0,https://almaty.hh.kz/vacancy/132229029?hhtmFrom=vacancy_search_list,hh.kz,,
Главный бухгалтер,ТОО PARASAT II,1,,0,https://almaty.hh.kz/vacancy/132234272?hhtmFrom=vacancy_search_list,hh.kz,,
Кассир-оформитель документов,ТОО NS PREMIUM WEST,1,,0,https://almaty.hh.kz/vacancy/132066093?hhtmFrom=vacancy_search_list,hh.kz,,
Семейный водитель,ТОО MUNglobal,1,,0,https://almaty.hh.kz/vacancy/131870931?hhtmFrom=vacancy_search_list,hh.kz,,
Медсестра/Медбрат,ТОО БЕРКУТ-2016,1,,0,https://almaty.hh.kz/vacancy/132161783?hhtmFrom=vacancy_search_list,hh.kz,,
Бухгалтер в аутсорсинговую компанию,ТОО Баланс успеха,1,,0,https://almaty.hh.kz/vacancy/132180267?hhtmFrom=vacancy_search_list,hh.kz,,
Водитель-экспедитор,ИП BARAKA №1,1,,0,https://almaty.hh.kz/vacancy/131956344?hhtmFrom=vacancy_search_list,hh.kz,,
DevOps-инженер,ТОО SlonW,1,,0,https://almaty.hh.kz/vacancy/132229029?hhtmFrom=vacancy_search_list,hh.kz,,
Главный бухгалтер,ТОО PARASAT II,1,,0,https://almaty.hh.kz/vacancy/132234272?hhtmFrom=vacancy_search_list,hh.kz,,
Кассир-оформитель документов,ТОО NS PREMIUM WEST,1,,0,https://almaty.hh.kz/vacancy/132066093?hhtmFrom=vacancy_search_list,hh.kz,,
Администратор WhatsApp / менеджер по работе с клиентами / администратор баз данных,ИП КУПРАЦЕВИЧ Т.К.,1,,0,https://almaty.hh.kz/vacancy/132046549?hhtmFrom=vacancy_search_list,hh.kz,,
Юрист,ТОО Realprom,1,,0,https://almaty.hh.kz/vacancy/132200345?hhtmFrom=vacancy_search_list,hh.kz,,
Администратор в бизнес-центр Golden Space,ТОО Paluan Ulydala,1,,0,https://almaty.hh.kz/vacancy/131566187?hhtmFrom=vacancy_search_list,hh.kz,,
Системный администратор,ТОО Galamat Company,1,,0,https://almaty.hh.kz/vacancy/131603894?hhtmFrom=vacancy_search_list,hh.kz,,
Су-шеф в ресторан Cinotti,ТОО Sandyq World,1,,0,https://almaty.hh.kz/vacancy/132246410?hhtmFrom=vacancy_search_list,hh.kz,,
Оператор call-центра,ТОО Медицинский центр EMIRMED,1,,0,https://almaty.hh.kz/vacancy/131619531?hhtmFrom=vacancy_search_list,hh.kz,,
Исполнительный директор,ИП Алтын-Ағаш,1,,0,https://almaty.hh.kz/vacancy/132057924?hhtmFrom=vacancy_search_list,hh.kz,,
Снабженец,ТОО Opt Building Group,1,,0,https://almaty.hh.kz/vacancy/132180030?hhtmFrom=vacancy_search_list,hh.kz,,
Администратор,ТОО Центр физическoй пoдгoтoвки Дмитрия Сафарова,1,,0,https://almaty.hh.kz/vacancy/131860168?hhtmFrom=vacancy_search_list,hh.kz,,
Личный водитель руководителя,ТОО TengizTransGroup (ТенгизТрансГрупп),1,,0,https://almaty.hh.kz/vacancy/131723100?hhtmFrom=vacancy_search_list,hh.kz,,
Администратор в студию лазерной эпиляции,ТОО Лала,1,,0,https://almaty.hh.kz/vacancy/131831768?hhtmFrom=vacancy_search_list,hh.kz,,
Главный юрист,ТОО АДС САПА,1,,0,https://almaty.hh.kz/vacancy/132170112?hhtmFrom=vacancy_search_list,hh.kz,,
Материальный бухгалтер,ТОО ГОРДОРСТРОЙ,1,,0,https://almaty.hh.kz/vacancy/132188780?hhtmFrom=vacancy_search_list,hh.kz,,
Кассир,ИП Бурлакова В.Ю.,1,,0,https://almaty.hh.kz/vacancy/131446537?hhtmFrom=vacancy_search_list,hh.kz,,
Упаковщик-комплектовщик,ООО МК Эксперт,1,,0,https://almaty.hh.kz/vacancy/131807078?hhtmFrom=vacancy_search_list,hh.kz,,
Кладовщик,ТОО АКСУАТ,1,,0,https://almaty.hh.kz/vacancy/132222332?hhtmFrom=vacancy_search_list,hh.kz,,
Графический дизайнер,ТОО Takeaway coffee,1,,0,https://almaty.hh.kz/vacancy/132149864?hhtmFrom=vacancy_search_list,hh.kz,,
Универсальный продавец-кассир,ТОО Airba Fresh,1,,0,https://almaty.hh.kz/vacancy/131684965?hhtmFrom=vacancy_search_list,hh.kz,,
Оператор видеонаблюдения,ТОО DS Trading Company,1,,0,https://almaty.hh.kz/vacancy/131574180?hhtmFrom=vacancy_search_list,hh.kz,,
Менеджер интернет магазинов,ТОО Aroma Trade (Арома Трейд),1,,0,https://almaty.hh.kz/vacancy/131771589?hhtmFrom=vacancy_search_list,hh.kz,,
Инструктор,ИП Веревочный парк БАМБУ,1,,0,https://almaty.hh.kz/vacancy/131835985?hhtmFrom=vacancy_search_list,hh.kz,,
Водитель-экспедитор (на машину компании),ТОО ТССП Казахстан,1,,0,https://almaty.hh.kz/vacancy/132115697?hhtmFrom=vacancy_search_list,hh.kz,,
Директор по стратегическому развитию компании,ТОО Компания АйсМастер - Айс Крим,1,,0,https://almaty.hh.kz/vacancy/132223898?hhtmFrom=vacancy_search_list,hh.kz,,
Администратор,ИП МАГИЕВ,1,,0,https://almaty.hh.kz/vacancy/132094376?hhtmFrom=vacancy_search_list,hh.kz,,
Помощник экспедитора,ТОО 220 VOLT,1,,0,https://almaty.hh.kz/vacancy/132244938?hhtmFrom=vacancy_search_list,hh.kz,,
Помощник руководителя/офис менеджер,BI Group. BI Engineering & Construction ,1,,0,https://almaty.hh.kz/vacancy/132069955?hhtmFrom=vacancy_search_list,hh.kz,,
Водитель,ТОО Eurotex,1,,0,https://almaty.hh.kz/vacancy/131711280?hhtmFrom=vacancy_search_list,hh.kz,,
Дежурный (охранник),ТОО Людмила-KZ TM Аян,1,,0,https://almaty.hh.kz/vacancy/131691166?hhtmFrom=vacancy_search_list,hh.kz,,
Флорист (Цветочный дворик),ИП Романов ВС,1,,0,https://almaty.hh.kz/vacancy/131722200?hhtmFrom=vacancy_search_list,hh.kz,,
Шеф-повар,ТОО Гранд+СТ,1,,0,https://almaty.hh.kz/vacancy/132122899?hhtmFrom=vacancy_search_list,hh.kz,,
Офис-менеджер,ИП Живая вода,1,,0,https://almaty.hh.kz/vacancy/132206620?hhtmFrom=vacancy_search_list,hh.kz,,
Администратор фитнес-клуба,ИП Дана «Balance»,1,,0,https://almaty.hh.kz/vacancy/131917712?hhtmFrom=vacancy_search_list,hh.kz,,
Кассир-бухгалтер,ТОО PromoMed,1,,0,https://almaty.hh.kz/vacancy/132159927?hhtmFrom=vacancy_search_list,hh.kz,,
Энергетик на производство,ТОО KazGer,1,,0,https://almaty.hh.kz/vacancy/132234538?hhtmFrom=vacancy_search_list,hh.kz,,
Кассир,ТОО BIG Apple Nur-Sultan,1,,0,https://almaty.hh.kz/vacancy/131727003?hhtmFrom=vacancy_search_list,hh.kz,,
Водитель,ИП Антоненко И. В,1,,0,https://almaty.hh.kz/vacancy/132009361?hhtmFrom=vacancy_search_list,hh.kz,,
Бармен,ТОО Kaiyros,1,,0,https://almaty.hh.kz/vacancy/132020353?hhtmFrom=vacancy_search_list,hh.kz,,
Работник склада,ИП Сантехника,1,,0,https://almaty.hh.kz/vacancy/132193440?hhtmFrom=vacancy_search_list,hh.kz,,
Личный Водитель Руководителя,ТОО JFOOD KAZAKHSTAN,1,,0,https://almaty.hh.kz/vacancy/132117660?hhtmFrom=vacancy_search_list,hh.kz,,
Инспектор службы безопасности,ТОО BELOSTAN.KZ,1,,0,https://almaty.hh.kz/vacancy/132183895?hhtmFrom=vacancy_search_list,hh.kz,,
Разнорабочий,ТОО Промышленные Строительные Технологии,1,,0,https://almaty.hh.kz/vacancy/132107883?hhtmFrom=vacancy_search_list,hh.kz,,
Продавец-кассир,ТОО Punto (Пунто),1,,0,https://almaty.hh.kz/vacancy/131705932?hhtmFrom=vacancy_search_list,hh.kz,,
Водитель,Kaspi.kz,1,,0,https://almaty.hh.kz/vacancy/132102395?hhtmFrom=vacancy_search_list,hh.kz,,
Энергетик на производство,ТОО KazGer,1,,0,https://almaty.hh.kz/vacancy/132234538?hhtmFrom=vacancy_search_list,hh.kz,,
Кассир,ТОО BIG Apple Nur-Sultan,1,,0,https://almaty.hh.kz/vacancy/131727003?hhtmFrom=vacancy_search_list,hh.kz,,
Водитель,ИП Антоненко И. В,1,,0,https://almaty.hh.kz/vacancy/132009361?hhtmFrom=vacancy_search_list,hh.kz,,
Бармен,ТОО Kaiyros,1,,0,https://almaty.hh.kz/vacancy/132020353?hhtmFrom=vacancy_search_list,hh.kz,,
Работник склада,ИП Сантехника,1,,0,https://almaty.hh.kz/vacancy/132193440?hhtmFrom=vacancy_search_list,hh.kz,,
Личный Водитель Руководителя,ТОО JFOOD KAZAKHSTAN,1,,0,https://almaty.hh.kz/vacancy/132117660?hhtmFrom=vacancy_search_list,hh.kz,,
Инспектор службы безопасности,ТОО BELOSTAN.KZ,1,,0,https://almaty.hh.kz/vacancy/132183895?hhtmFrom=vacancy_search_list,hh.kz,,
Разнорабочий,ТОО Промышленные Строительные Технологии,1,,0,https://almaty.hh.kz/vacancy/132107883?hhtmFrom=vacancy_search_list,hh.kz,,
Продавец-кассир,ТОО Punto (Пунто),1,,0,https://almaty.hh.kz/vacancy/131705932?hhtmFrom=vacancy_search_list,hh.kz,,
Водитель,Kaspi.kz,1,,0,https://almaty.hh.kz/vacancy/132102395?hhtmFrom=vacancy_search_list,hh.kz,,
Мобилограф,ТОО Давай Сходим,1,,0,https://almaty.hh.kz/vacancy/132168378?hhtmFrom=vacancy_search_list,hh.kz,,
Офис-менеджер,ТОО Maximus/Максимус,1,,0,https://almaty.hh.kz/vacancy/132220837?hhtmFrom=vacancy_search_list,hh.kz,,
Бариста,ИП РАХИМБАЕВ Б.Е.,1,,0,https://almaty.hh.kz/vacancy/131724886?hhtmFrom=vacancy_search_list,hh.kz,,
Координатор корпоративного обучения,ТОО Сентрас Капитал,1,,0,https://almaty.hh.kz/vacancy/132061941?hhtmFrom=vacancy_search_list,hh.kz,,
Курьер-координатор,ТОО MYKHAT,1,,0,https://almaty.hh.kz/vacancy/132167400?hhtmFrom=vacancy_search_list,hh.kz,,
Инженер по технической поддержке / Pre-sales инженер,ТОО Центр технологий Казахстан,1,,0,https://almaty.hh.kz/vacancy/132075185?hhtmFrom=vacancy_search_list,hh.kz,,
Куратор студентов,ТОО ITSTEP Academy Astana,1,,0,https://almaty.hh.kz/vacancy/132102446?hhtmFrom=vacancy_search_list,hh.kz,,
Онлайн Менеджер,Сеть магазинов GAISSINA,1,,0,https://almaty.hh.kz/vacancy/132256709?hhtmFrom=vacancy_search_list,hh.kz,,
Ведущий бухгалтер,ТОО Green Land Aktobe,1,,0,https://almaty.hh.kz/vacancy/132164963?hhtmFrom=vacancy_search_list,hh.kz,,
Сборщик,ТОО UniGroup Юг,1,,0,https://almaty.hh.kz/vacancy/132210023?hhtmFrom=vacancy_search_list,hh.kz,,
Юрист / Заместитель руководителя юридического отдела,Mechta.kz TM ( ТОО Мечта Маркет ),1,,0,https://almaty.hh.kz/vacancy/132226065?hhtmFrom=vacancy_search_list,hh.kz,,
Эксперт клиентского сервиса (продавец-консультант) ZARA HOME,INDITEX Kazakhstan,1,,0,https://almaty.hh.kz/vacancy/131668494?hhtmFrom=vacancy_search_list,hh.kz,,
Менеджер по закупкам,ТОО IRG Kazakhstan (Ай Эр Джи Казахстан),1,,0,https://almaty.hh.kz/vacancy/132111341?hhtmFrom=vacancy_search_list,hh.kz,,
Работник склада,ТОО Проф Сервис Групп,1,,0,https://almaty.hh.kz/vacancy/132120126?hhtmFrom=vacancy_search_list,hh.kz,,
Бренд шеф повар в сеть ресторанов,ТОО TH CONSULTING KAZAKHSTAN (ТИЭЙЧ КОНСАЛТИНГ КАЗАХСТАН),1,,0,https://almaty.hh.kz/vacancy/132154204?hhtmFrom=vacancy_search_list,hh.kz,,
Администратор,ТОО SOUTH WEST GROUP,1,,0,https://almaty.hh.kz/vacancy/132209853?hhtmFrom=vacancy_search_list,hh.kz,,
QA инженер (Middle),АО Alatau City Bank,1,,0,https://almaty.hh.kz/vacancy/132238203?hhtmFrom=vacancy_search_list,hh.kz,,
Специалист по переписки с клиентами,Частная компания “Automated Communication Solutions Ltd.”,1,,0,https://almaty.hh.kz/vacancy/131002966?hhtmFrom=vacancy_search_list,hh.kz,,
Бухгалтер,ТОО KIA Qazaqstan,1,,0,https://almaty.hh.kz/vacancy/132226709?hhtmFrom=vacancy_search_list,hh.kz,,
Кассир в кофейню Vanilla,ИП Ванилла Кунаева,1,,0,https://almaty.hh.kz/vacancy/131047440?hhtmFrom=vacancy_search_list,hh.kz,,
Оператор колл-центра в Кондитерский дом SAFIA,ТОО Safia Кондитерский дом (Safia Coffee & Bakery),1,,0,https://almaty.hh.kz/vacancy/131657310?hhtmFrom=vacancy_search_list,hh.kz,,
Менеджер по работе с клиентами в аэропорту,ТОО Funsim international,1,,0,https://almaty.hh.kz/vacancy/132030090?hhtmFrom=vacancy_search_list,hh.kz,,
Семейный водитель,ТОО Aktobe Energy Gaz,1,,0,https://almaty.hh.kz/vacancy/131792441?hhtmFrom=vacancy_search_list,hh.kz,,
Бариста,ТОО Фирма Алина,1,,0,https://almaty.hh.kz/vacancy/132088310?hhtmFrom=vacancy_search_list,hh.kz,,
Manual QA Engineer (Junior),TownLive Games,1,,0,https://almaty.hh.kz/vacancy/132168179?hhtmFrom=vacancy_search_list,hh.kz,,
Junior specialist,Kaspi.kz,1,,0,https://almaty.hh.kz/vacancy/131579012?hhtmFrom=vacancy_search_list,hh.kz,,
Директор дивизиона,ТОО Inkar,1,,0,https://almaty.hh.kz/vacancy/132170653?hhtmFrom=vacancy_search_list,hh.kz,,
Охранник-администратор,ТОО Частная Школа Пифагор,1,,0,https://almaty.hh.kz/vacancy/132156711?hhtmFrom=vacancy_search_list,hh.kz,,
PHP Developer (Laravel / Asterisk),ИП Елисеев Максим Анатольевич,1,,0,https://almaty.hh.kz/vacancy/132199457?hhtmFrom=vacancy_search_list,hh.kz,,
Специалист по переписке с клиентами,Частная компания “Automated Communication Solutions Ltd.”,1,,0,https://almaty.hh.kz/vacancy/131762500?hhtmFrom=vacancy_search_list,hh.kz,,
Администратор,Виктория,1,,0,https://almaty.hh.kz/vacancy/132188648?hhtmFrom=vacancy_search_list,hh.kz,,
Системный администратор,ТОО Hyundai Shymkent City,1,,0,https://almaty.hh.kz/vacancy/132129831?hhtmFrom=vacancy_search_list,hh.kz,,
Бухгалтер-калькулятор,ИП Сауров,1,,0,https://almaty.hh.kz/vacancy/132252588?hhtmFrom=vacancy_search_list,hh.kz,,
Главный бухгалтер (под руководством 6 человек),ТОО AND Asia,1,,0,https://almaty.hh.kz/vacancy/131244260?hhtmFrom=vacancy_search_list,hh.kz,,
Менеджер по переписке,ИП JNG,1,,0,https://almaty.hh.kz/vacancy/131967306?hhtmFrom=vacancy_search_list,hh.kz,,
Водитель,ТОО АльянсЭнергоПром,1,,0,https://almaty.hh.kz/vacancy/131850196?hhtmFrom=vacancy_search_list,hh.kz,,
Менеджер Каспий магазин кабинета,ИП Opportunity International,1,,0,https://almaty.hh.kz/vacancy/131841427?hhtmFrom=vacancy_search_list,hh.kz,,
Администратор,ТОО APODIT AKTOBE,1,,0,https://almaty.hh.kz/vacancy/132106364?hhtmFrom=vacancy_search_list,hh.kz,,
Администратор,ИП Бибатырева Дана Мейрамгалиевна,1,,0,https://almaty.hh.kz/vacancy/132183958?hhtmFrom=vacancy_search_list,hh.kz,,
Младший аналитик,ТОО Tengri Partners (Kazakhstan) (Тенгри Партнерс (Казахстан),1,,0,https://almaty.hh.kz/vacancy/132148058?hhtmFrom=vacancy_search_list,hh.kz,,
Системный администратор,ТОО Hyundai Shymkent City,1,,0,https://almaty.hh.kz/vacancy/132129831?hhtmFrom=vacancy_search_list,hh.kz,,
Бухгалтер-калькулятор,ИП Сауров,1,,0,https://almaty.hh.kz/vacancy/132252588?hhtmFrom=vacancy_search_list,hh.kz,,
Главный бухгалтер (под руководством 6 человек),ТОО AND Asia,1,,0,https://almaty.hh.kz/vacancy/131244260?hhtmFrom=vacancy_search_list,hh.kz,,
Менеджер по переписке,ИП JNG,1,,0,https://almaty.hh.kz/vacancy/131967306?hhtmFrom=vacancy_search_list,hh.kz,,
Водитель,ТОО АльянсЭнергоПром,1,,0,https://almaty.hh.kz/vacancy/131850196?hhtmFrom=vacancy_search_list,hh.kz,,
Менеджер Каспий магазин кабинета,ИП Opportunity International,1,,0,https://almaty.hh.kz/vacancy/131841427?hhtmFrom=vacancy_search_list,hh.kz,,
Администратор,ТОО APODIT AKTOBE,1,,0,https://almaty.hh.kz/vacancy/132106364?hhtmFrom=vacancy_search_list,hh.kz,,
Администратор,ИП Бибатырева Дана Мейрамгалиевна,1,,0,https://almaty.hh.kz/vacancy/132183958?hhtmFrom=vacancy_search_list,hh.kz,,
Младший аналитик,ТОО Tengri Partners (Kazakhstan) (Тенгри Партнерс (Казахстан),1,,0,https://almaty.hh.kz/vacancy/132148058?hhtmFrom=vacancy_search_list,hh.kz,,
Администратор на ресепшен в женский фитнес-клуб,ТОО EVEREST VC,1,,0,https://almaty.hh.kz/vacancy/132055406?hhtmFrom=vacancy_search_list,hh.kz,,
Инженер по охране труда и технике безопасности,ТОО Kazakh Investment and Construction Group,1,,0,https://almaty.hh.kz/vacancy/132237715?hhtmFrom=vacancy_search_list,hh.kz,,
Дизайнер,ИП Ансар- Фарм 6131,1,,0,https://almaty.hh.kz/vacancy/132032602?hhtmFrom=vacancy_search_list,hh.kz,,
Официант,ИП AS-ER Company,1,,0,https://almaty.hh.kz/vacancy/131665323?hhtmFrom=vacancy_search_list,hh.kz,,
Курьер-водитель,ТОО Медицинский центр ХАК,1,,0,https://almaty.hh.kz/vacancy/132078144?hhtmFrom=vacancy_search_list,hh.kz,,
Менеджер по кадровому делопроизводству,ТОО КазОйлТранс,1,,0,https://almaty.hh.kz/vacancy/132171117?hhtmFrom=vacancy_search_list,hh.kz,,
Администратор барбершопа,ИП Смаилов,1,,0,https://almaty.hh.kz/vacancy/131629518?hhtmFrom=vacancy_search_list,hh.kz,,
Adidas Trainee,adidas Kazakhstan,1,,0,https://almaty.hh.kz/vacancy/131950221?hhtmFrom=vacancy_search_list,hh.kz,,
Администратор,ТОО ILOVEYOU,1,,0,https://almaty.hh.kz/vacancy/131498381?hhtmFrom=vacancy_search_list,hh.kz,,
Разнорабочий,ТОО AZIYA SG,1,,0,https://almaty.hh.kz/vacancy/132028316?hhtmFrom=vacancy_search_list,hh.kz,,
Юрист,ТОО СпецтреидТМ,1,,0,https://almaty.hh.kz/vacancy/132049601?hhtmFrom=vacancy_search_list,hh.kz,,
Администратор магазина,ИП Baibol,1,,0,https://almaty.hh.kz/vacancy/131665663?hhtmFrom=vacancy_search_list,hh.kz,,
Ресепшионист,ИП Y-Fit Spa Fitness (Юсупов ИП),1,,0,https://almaty.hh.kz/vacancy/131667883?hhtmFrom=vacancy_search_list,hh.kz,,
Повар хоспера в ресторан Lou Lou,ТОО Lou Lou KZ,1,,0,https://almaty.hh.kz/vacancy/132233230?hhtmFrom=vacancy_search_list,hh.kz,,
Координатор доставки,ИП Амзина А.О.,1,,0,https://almaty.hh.kz/vacancy/132160772?hhtmFrom=vacancy_search_list,hh.kz,,
Brand Manager (Consumer Products Division),ТОО Лореаль Казахстан,1,,0,https://almaty.hh.kz/vacancy/132062433?hhtmFrom=vacancy_search_list,hh.kz,,
Регистратор/администратор в клинику,ТОО АМАНАТ МЕД АКАДЕМИ,1,,0,https://almaty.hh.kz/vacancy/132145086?hhtmFrom=vacancy_search_list,hh.kz,,
HR Специалист,BI Group. BI Education,1,,0,https://almaty.hh.kz/vacancy/132235340?hhtmFrom=vacancy_search_list,hh.kz,,
Медицинская сестра/Медицинский брат,ГКП на ПХВ Детская городская клиническая инфекционная больница,1,,0,https://almaty.hh.kz/vacancy/132056927?hhtmFrom=vacancy_search_list,hh.kz,,
Диспетчер по транспорту,"AIR ASTANA, АО",1,,0,https://almaty.hh.kz/vacancy/132081882?hhtmFrom=vacancy_search_list,hh.kz,,
Ночной Фасовщик,ТОО DOSFARM,1,,0,https://almaty.hh.kz/vacancy/132145223?hhtmFrom=vacancy_search_list,hh.kz,,
"Продавец-консультант (Zara, Pull&Bear, Stradivarius, Oysho, Zara Home)",INDITEX Kazakhstan,1,,0,https://almaty.hh.kz/vacancy/131764133?hhtmFrom=vacancy_search_list,hh.kz,,
Упаковщик товаров,ТОО Коктем,1,,0,https://almaty.hh.kz/vacancy/130731706?hhtmFrom=vacancy_search_list,hh.kz,,
Торговый представитель по маслам Газпромнефть и G-energy в г.Талдыкорган,ТОО KazProfiOil,1,,0,https://almaty.hh.kz/vacancy/132166886?hhtmFrom=vacancy_search_list,hh.kz,,
Руководитель (директор) отдела исследований,ТОО Data Hunters Research,1,,0,https://almaty.hh.kz/vacancy/131317501?hhtmFrom=vacancy_search_list,hh.kz,,
Помощник бухгалтера,ТОО GREEN GARDEN (ГРИН ГАРДЕН),1,,0,https://almaty.hh.kz/vacancy/132066697?hhtmFrom=vacancy_search_list,hh.kz,,
Сортировщик,ТОО Выбор Казахстан,1,,0,https://almaty.hh.kz/vacancy/132100727?hhtmFrom=vacancy_search_list,hh.kz,,
Ночной Продавец-кассир,ТОО Patisson,1,,0,https://almaty.hh.kz/vacancy/131930429?hhtmFrom=vacancy_search_list,hh.kz,,
Бармен - Бариста,ИП Лаврут,1,,0,https://almaty.hh.kz/vacancy/132176952?hhtmFrom=vacancy_search_list,hh.kz,,
Сиделка/Медсестра/Медбрат,ТОО ARCADA,1,,0,https://almaty.hh.kz/vacancy/132237280?hhtmFrom=vacancy_search_list,hh.kz,,
Администратор салона,ИП Gladko_ast,1,,0,https://almaty.hh.kz/vacancy/132150376?hhtmFrom=vacancy_search_list,hh.kz,,
Бухгалтер,ТОО Фирма Сервер +,1,,0,https://almaty.hh.kz/vacancy/132167016?hhtmFrom=vacancy_search_list,hh.kz,,
Junior Infrastructure Monitoring Engineer,АО Центр цифрового развития Национального Банка Казахстана,1,,0,https://almaty.hh.kz/vacancy/132185682?hhtmFrom=vacancy_search_list,hh.kz,,
Сервис-инженер (постаматы),Kaspi.kz,1,,0,https://almaty.hh.kz/vacancy/132137908?hhtmFrom=vacancy_search_list,hh.kz,,
Менеджер по работе с клиентами в аэропорту,ТОО Funsim international,1,,0,https://almaty.hh.kz/vacancy/132030140?hhtmFrom=vacancy_search_list,hh.kz,,
Тренер,Бакыткызы Дина,1,,0,https://almaty.hh.kz/vacancy/132059565?hhtmFrom=vacancy_search_list,hh.kz,,
Hr & Admin Manager,ТОО GOLDCARD SMART GROUP KAZAKHSTAN,1,,0,https://almaty.hh.kz/vacancy/131770497?hhtmFrom=vacancy_search_list,hh.kz,,
Фельдшер,SabTrade,1,,0,https://almaty.hh.kz/vacancy/132161097?hhtmFrom=vacancy_search_list,hh.kz,,
Бухгалтер на первичную документацию,ТОО Pilove Catering,1,,0,https://almaty.hh.kz/vacancy/132176613?hhtmFrom=vacancy_search_list,hh.kz,,
Офис-менеджер (1С 8. 3),ТОО Рогнеда Казахстан,1,,0,https://almaty.hh.kz/vacancy/132185255?hhtmFrom=vacancy_search_list,hh.kz,,
Бариста,ИП YASSINA,1,,0,https://almaty.hh.kz/vacancy/132049523?hhtmFrom=vacancy_search_list,hh.kz,,
Бухгалтер,ТОО Фирма Сервер +,1,,0,https://almaty.hh.kz/vacancy/132167016?hhtmFrom=vacancy_search_list,hh.kz,,
Junior Infrastructure Monitoring Engineer,АО Центр цифрового развития Национального Банка Казахстана,1,,0,https://almaty.hh.kz/vacancy/132185682?hhtmFrom=vacancy_search_list,hh.kz,,
Сервис-инженер (постаматы),Kaspi.kz,1,,0,https://almaty.hh.kz/vacancy/132137908?hhtmFrom=vacancy_search_list,hh.kz,,
Менеджер по работе с клиентами в аэропорту,ТОО Funsim international,1,,0,https://almaty.hh.kz/vacancy/132030140?hhtmFrom=vacancy_search_list,hh.kz,,
Тренер,Бакыткызы Дина,1,,0,https://almaty.hh.kz/vacancy/132059565?hhtmFrom=vacancy_search_list,hh.kz,,
Hr & Admin Manager,ТОО GOLDCARD SMART GROUP KAZAKHSTAN,1,,0,https://almaty.hh.kz/vacancy/131770497?hhtmFrom=vacancy_search_list,hh.kz,,
Фельдшер,SabTrade,1,,0,https://almaty.hh.kz/vacancy/132161097?hhtmFrom=vacancy_search_list,hh.kz,,
Бухгалтер на первичную документацию,ТОО Pilove Catering,1,,0,https://almaty.hh.kz/vacancy/132176613?hhtmFrom=vacancy_search_list,hh.kz,,
Офис-менеджер (1С 8. 3),ТОО Рогнеда Казахстан,1,,0,https://almaty.hh.kz/vacancy/132185255?hhtmFrom=vacancy_search_list,hh.kz,,
Бариста,ИП YASSINA,1,,0,https://almaty.hh.kz/vacancy/132049523?hhtmFrom=vacancy_search_list,hh.kz,,
Бухгалтер в филиал компании в Китае,ИП Мокеева В. О.,1,,0,https://almaty.hh.kz/vacancy/132205080?hhtmFrom=vacancy_search_list,hh.kz,,
Диспетчер,ТОО СТОЛИЧНЫЙ ХЛЕБ,1,,0,https://almaty.hh.kz/vacancy/132102580?hhtmFrom=vacancy_search_list,hh.kz,,
Java-разработчик (Middle),"Beeline, ТМ",1,,0,https://almaty.hh.kz/vacancy/132150515?hhtmFrom=vacancy_search_list,hh.kz,,
Вахтер сторож служба внутреннего контроля,ИП МАЙЖАКАНОВА А.К.,1,,0,https://almaty.hh.kz/vacancy/132261885?hhtmFrom=vacancy_search_list,hh.kz,,
Офис-менеджер,ТОО ABC Design,1,,0,https://almaty.hh.kz/vacancy/132057601?hhtmFrom=vacancy_search_list,hh.kz,,
Начальник юридического отдела,ТОО PTC Holding,1,,0,https://almaty.hh.kz/vacancy/132171791?hhtmFrom=vacancy_search_list,hh.kz,,
Бармен,ТОО AB Restaurants,1,,0,https://almaty.hh.kz/vacancy/132237151?hhtmFrom=vacancy_search_list,hh.kz,,
Бухгалтер-кассир в компанию Евразия Моторс,Евразия СТ,1,,0,https://almaty.hh.kz/vacancy/131744970?hhtmFrom=vacancy_search_list,hh.kz,,
Водитель,ТОО Sozo,1,,0,https://almaty.hh.kz/vacancy/131899854?hhtmFrom=vacancy_search_list,hh.kz,,
Project Manager (Event Branding & Production),Публичная Компания «Freedom Finance Global PLC»,1,,0,https://almaty.hh.kz/vacancy/132071915?hhtmFrom=vacancy_search_list,hh.kz,,
Флорист,ИП Каримов,1,,0,https://almaty.hh.kz/vacancy/132191713?hhtmFrom=vacancy_search_list,hh.kz,,
Заместитель главного бухгалтера,ТОО A. V.Group,1,,0,https://almaty.hh.kz/vacancy/132240840?hhtmFrom=vacancy_search_list,hh.kz,,
Администратор-кассир в компьютерный клуб,ИП КУАНЫШ АТ,1,,0,https://almaty.hh.kz/vacancy/131880544?hhtmFrom=vacancy_search_list,hh.kz,,
Продавец-кассир,ИП Масыгутова Ж.М.,1,,0,https://almaty.hh.kz/vacancy/132050517?hhtmFrom=vacancy_search_list,hh.kz,,
Водитель-экспедитор с личным автотранспортом,ТОО Golden Way Trading,1,,0,https://almaty.hh.kz/vacancy/132155006?hhtmFrom=vacancy_search_list,hh.kz,,
"Менеджер по продажам услуг, работа с клиентами",ТОО Altyn-bala.kz,1,,0,https://almaty.hh.kz/vacancy/132261899?hhtmFrom=vacancy_search_list,hh.kz,,
Tea Lady / Tea Man,ТОО KAZAK PROTEIN,1,,0,https://almaty.hh.kz/vacancy/132087013?hhtmFrom=vacancy_search_list,hh.kz,,
Dahua Technology,ТОО Kazsnab-94,1,,0,https://almaty.hh.kz/vacancy/131981415?hhtmFrom=vacancy_search_list,hh.kz,,
Уборщица/уборщик служебных помещений,ТОО ARCO INVEST,1,,0,https://almaty.hh.kz/vacancy/132166543?hhtmFrom=vacancy_search_list,hh.kz,,
Главный бухгалтер,ТОО ORBIS MACHINERY,1,,0,https://almaty.hh.kz/vacancy/132056084?hhtmFrom=vacancy_search_list,hh.kz,,
Специалист службы безопасности,ТОО Алау,1,,0,https://almaty.hh.kz/vacancy/132169244?hhtmFrom=vacancy_search_list,hh.kz,,
Курьер,ТОО АБТ-КОНСАЛТИНГ,1,,0,https://almaty.hh.kz/vacancy/132203901?hhtmFrom=vacancy_search_list,hh.kz,,
Личный водитель руководителя,ТОО WELLNESS SOLUTIONS,1,,0,https://almaty.hh.kz/vacancy/131901711?hhtmFrom=vacancy_search_list,hh.kz,,
Главный бухгалтер,ТОО KAZAK PROTEIN,1,,0,https://almaty.hh.kz/vacancy/132030904?hhtmFrom=vacancy_search_list,hh.kz,,
Backend-разработчик,Учреждение SDU University,1,,0,https://almaty.hh.kz/vacancy/132062962?hhtmFrom=vacancy_search_list,hh.kz,,
Junior-специалист (Helpdesk),АО КСЖ Freedom Life,1,,0,https://almaty.hh.kz/vacancy/132199066?hhtmFrom=vacancy_search_list,hh.kz,,
Продавец-консультант,ИП Сумарокова,1,,0,https://almaty.hh.kz/vacancy/131472676?hhtmFrom=vacancy_search_list,hh.kz,,
Административный менеджер,ТОО KAZTOUR,1,,0,https://almaty.hh.kz/vacancy/132059171?hhtmFrom=vacancy_search_list,hh.kz,,
IT специалист,ТОО Илайд,1,,0,https://almaty.hh.kz/vacancy/132257213?hhtmFrom=vacancy_search_list,hh.kz,,
Оператор в киберспортивный клуб,ИП TOP GAME,1,,0,https://almaty.hh.kz/vacancy/131489166?hhtmFrom=vacancy_search_list,hh.kz,,
Системный администратор,ТОО Центр технической компетенции DEMEU,1,,0,https://almaty.hh.kz/vacancy/132125095?hhtmFrom=vacancy_search_list,hh.kz,,
Операционный директор в офисе в Гуанчжоу,ТОО Nakama group,1,,0,https://almaty.hh.kz/vacancy/132221933?hhtmFrom=vacancy_search_list,hh.kz,,
Официант,InterContinental Almaty,1,,0,https://almaty.hh.kz/vacancy/132100825?hhtmFrom=vacancy_search_list,hh.kz,,
Оператор по реализации,ТОО СТОЛИЧНЫЙ ХЛЕБ,1,,0,https://almaty.hh.kz/vacancy/132164369?hhtmFrom=vacancy_search_list,hh.kz,,
Бухгалтер-оператор,ТОО Common Market Corporation,1,,0,https://almaty.hh.kz/vacancy/132228460?hhtmFrom=vacancy_search_list,hh.kz,,
Помощник главного бухгалтера,ТОО BanStroy KZ,1,,0,https://almaty.hh.kz/vacancy/132100601?hhtmFrom=vacancy_search_list,hh.kz,,
Кассир,ИП TM GROUP,1,,0,https://almaty.hh.kz/vacancy/131921729?hhtmFrom=vacancy_search_list,hh.kz,,
Заместитель директора,ТОО Goldman Astana,1,,0,https://almaty.hh.kz/vacancy/132070573?hhtmFrom=vacancy_search_list,hh.kz,,
Специалист в отдел сертификации,АО КФ АО Национальный центр экспертизы и сертификации,1,,0,https://almaty.hh.kz/vacancy/132163757?hhtmFrom=vacancy_search_list,hh.kz,,
Дежурный электрик-сантехник,"Patentes Talgo, S.L. Филиал в Республике Казахстан",1,,0,https://almaty.hh.kz/vacancy/132205239?hhtmFrom=vacancy_search_list,hh.kz,,
