title,company_name,has_company_name,salary,has_salary,location,url,source,description,label
Требуются озраники в сеть магазинов,,0,,0,"Алматы, Алмалинский район",https://www.olx.kz/obyavlenie/rabota/trebuyutsya-ozraniki-v-set-magazinov-IDqIQCR.html,olx.kz,,
"Водители в ночную смену, 50/50, Emgrand",,0,,0,"Шымкент, Туран",https://www.olx.kz/list/user/1lRskN/,olx.kz,,
Лучший таксопарк Яндекс Такси | Яндекс такси водитель | 0% комиссия,,0,,0,"Караганда, Октябрьский район",https://www.olx.kz/obyavlenie/rabota/luchshiy-taksopark-yandeks-taksi-yandeks-taksi-voditel-0-komissiya-IDqAgv5.html,olx.kz,,
Требуются Разнорабочие,,0,,0,Павлодар,https://www.olx.kz/obyavlenie/rabota/trebuyutsya-raznorabochie-IDjsDcI.html,olx.kz,,
Требуется люди на прицефабрику,,0,,0,Костанай,https://www.olx.kz/obyavlenie/rabota/trebuetsya-lyudi-na-pritsefabriku-IDqzoIM.html,olx.kz,,
Приглашения на работу,,0,,0,Балыкши,https://www.olx.kz/obyavlenie/rabota/priglasheniya-na-rabotu-IDqJvfT.html,olx.kz,,
Требуется опытный водитель камаза мультилифт,,0,,0,"Астана, Есильский район",https://www.olx.kz/obyavlenie/rabota/trebuetsya-opytnyy-voditel-kamaza-multilift-IDpH1u9.html,olx.kz,,
Ищу помощника(сопровождающего) для человека на кресле-коляске.,,0,,0,"Алматы, Ауэзовский район",https://www.olx.kz/obyavlenie/rabota/ischu-pomoschnikasoprovozhdayuschego-dlya-cheloveka-na-kresle-kolyaske-IDqK5XH.html,olx.kz,,
Требуется менеджер по продажам,,0,,0,Талас,https://www.olx.kz/obyavlenie/rabota/trebuetsya-menedzher-po-prodazham-IDqLSLr.html,olx.kz,,
Приму автослесаря,,0,,0,Павлодар,https://www.olx.kz/obyavlenie/rabota/primu-avtoslesarya-IDnUaRT.html,olx.kz,,
Требуется менеджер -оператор,,0,,0,Каскелен,https://www.olx.kz/obyavlenie/rabota/trebuetsya-menedzher-operator-IDqqLnE.html,olx.kz,,
Требуется автомойщики Отеген батыр (ГРЭС),,0,,0,"Алматы, Турксибский район",https://www.olx.kz/obyavlenie/rabota/trebuetsya-avtomoyschiki-otegen-batyr-gres-IDpSTKz.html,olx.kz,,
Требуется работник,,0,,0,Талгар,https://www.olx.kz/obyavlenie/rabota/trebuetsya-rabotnik-IDqLSLa.html,olx.kz,,
Требуются дробильщики,,0,,0,"Усть-Каменогорск, Микрорайон 23",https://www.olx.kz/obyavlenie/rabota/trebuyutsya-drobilschiki-IDqLGUu.html,olx.kz,,
Требуется мастер в пзм!,,0,,0,"Алматы, Алатауский район",https://www.olx.kz/obyavlenie/rabota/trebuetsya-master-v-pzm-IDqMfJi.html,olx.kz,,
Требуется старший продавец в супермаркет,,0,,0,"Караганда, Казыбекбийский район",https://www.olx.kz/obyavlenie/rabota/trebuetsya-starshiy-prodavets-v-supermarket-IDplBoR.html,olx.kz,,
Нужен автомойщик,,0,,0,"Астана, Нура",https://www.olx.kz/obyavlenie/rabota/nuzhen-avtomoyschik-IDqMbGK.html,olx.kz,,
Требуются водитель с опытом работы.,,0,,0,Павлодар,https://www.olx.kz/obyavlenie/rabota/trebuyutsya-voditel-s-opytom-raboty-IDpKdNo.html,olx.kz,,
"Требуются в цех фасовщики,упаковщики.",,0,,0,"Тараз, За линией",https://www.olx.kz/obyavlenie/rabota/trebuyutsya-v-tseh-fasovschiki-upakovschiki-IDqJwm1.html,olx.kz,,
Требуется массажист,,0,,0,"Алматы, Ауэзовский район",https://www.olx.kz/obyavlenie/rabota/trebuetsya-massazhist-IDqElto.html,olx.kz,,
Требуется скотник-пастух,,0,,0,Нуркен,https://www.olx.kz/obyavlenie/rabota/trebuetsya-skotnik-pastuh-IDqL7bl.html,olx.kz,,
Требуются разнорабочие р.Мерседес центра ОПЛАТА ЕЖЕДНЕВНАЯ 12000 т,,0,,0,"Астана, Есильский район",https://www.olx.kz/obyavlenie/rabota/trebuyutsya-raznorabochie-r-mersedes-tsentra-oplata-ezhednevnaya-12000-t-IDqfqcu.html,olx.kz,,
Требуются разнорабочие ул.Ч.Айтматова ОПЛАТА ЕЖЕДНЕВНАЯ 12000,,0,,0,"Астана, Алматинский район",https://www.olx.kz/obyavlenie/rabota/trebuyutsya-raznorabochie-ul-ch-aytmatova-oplata-ezhednevnaya-12000-IDqeyBO.html,olx.kz,,
Требуется водитель для экскаватора погрузчика г.Уштобе (с.Жанаталап),,0,,0,Уштобе,https://www.olx.kz/obyavlenie/rabota/trebuetsya-voditel-dlya-ekskavatora-pogruzchika-g-ushtobe-s-zhanatalap-IDqMbBO.html,olx.kz,,
Автомойка НУР ..,,0,,0,Сатпаев,https://www.olx.kz/obyavlenie/rabota/avtomoyka-nur-IDqJva0.html,olx.kz,,
Тамақ пісере алатын адам КЕРЕК,,0,,0,Сатпаев,https://www.olx.kz/obyavlenie/rabota/tama-psere-alatyn-adam-kerek-IDqLsB3.html,olx.kz,,
Работа для ТАНЦОВЩИЦ с опытом и без в клуб Астана,,0,,0,"Астана, Есильский район",https://www.olx.kz/obyavlenie/rabota/rabota-dlya-tantsovschits-s-opytom-i-bez-v-klub-astana-IDnKOY3.html,olx.kz,,
Работа на птицефабрике | 600 000–700 000 тг в месяц,,0,,0,Петропавловск,https://www.olx.kz/obyavlenie/rabota/rabota-na-ptitsefabrike-600-000700-000-tg-v-mesyats-IDqMotl.html,olx.kz,,
в Торговую компанию Требуется девушка менеджер на исходящие звонки,,0,,0,Павлодар,https://www.olx.kz/obyavlenie/rabota/v-torgovuyu-kompaniyu-trebuetsya-devushka-menedzher-na-ishodyaschie-zvonki-IDoFss8.html,olx.kz,,
Требуется бригада штукатуров.,,0,,0,Рудный,https://www.olx.kz/obyavlenie/rabota/trebuetsya-brigada-shtukaturov-IDqLSFw.html,olx.kz,,
Требуется пекарь,,0,,0,Семей,https://www.olx.kz/obyavlenie/rabota/trebuetsya-pekar-IDqKfgG.html,olx.kz,,
Помощник главного бухгалтера,,0,,0,"Караганда, Казыбекбийский район",https://www.olx.kz/obyavlenie/rabota/pomoschnik-glavnogo-buhgaltera-IDqBAod.html,olx.kz,,
"Курьер по доставке цветов 2/2,1/1",,0,,0,"Астана, Нура",https://www.olx.kz/obyavlenie/rabota/kurer-po-dostavke-tsvetov-2-2-1-1-IDqMtKR.html,olx.kz,,
Требуются повара горячего цеха,,0,,0,"Алматы, Бостандыкский район",https://www.olx.kz/obyavlenie/rabota/trebuyutsya-povara-goryachego-tseha-IDqbAyj.html,olx.kz,,
Водитель на доставку фаст фуда,,0,,0,"Усть-Каменогорск, 45-я аптека",https://www.olx.kz/obyavlenie/rabota/voditel-na-dostavku-fast-fuda-IDqKffe.html,olx.kz,,
Требуется грузчики кладовщики,,0,,0,"Шымкент, Аль-Фарабийский район",https://www.olx.kz/obyavlenie/rabota/trebuetsya-gruzchiki-kladovschiki-IDqLIR0.html,olx.kz,,
Требуется продавец!Только ДЕВУШКИ,,0,,0,Кызылорда,https://www.olx.kz/obyavlenie/rabota/trebuetsya-prodavets-tolko-devushki-IDpuVQR.html,olx.kz,,
Требуется шиномонтажник,,0,,0,"Тараз, 6-мкр. Талас",https://www.olx.kz/obyavlenie/rabota/trebuetsya-shinomontazhnik-IDqMtCX.html,olx.kz,,
Бухгалтер нужен помощник,,0,,0,"Актау, 1",https://www.olx.kz/obyavlenie/rabota/buhgalter-nuzhen-pomoschnik-IDqMrEg.html,olx.kz,,
Требуется продавец,,0,,0,Шашубай,https://www.olx.kz/obyavlenie/rabota/trebuetsya-prodavets-IDqKKef.html,olx.kz,,
Требуется торговый представитель со своим авто-фургон,,0,,0,"Шымкент, Енбекшинский район",https://www.olx.kz/obyavlenie/rabota/trebuetsya-torgovyy-predstavitel-so-svoim-avto-furgon-IDqGG2B.html,olx.kz,,
Требуются разнорабочие в Челябинск,,0,,0,Костанай,https://www.olx.kz/obyavlenie/rabota/trebuyutsya-raznorabochie-v-chelyabinsk-IDqygyK.html,olx.kz,,
Требуется сварщик по инженерным сетям,,0,,0,"Астана, Нура",https://www.olx.kz/obyavlenie/rabota/trebuetsya-svarschik-po-inzhenernym-setyam-IDpb32t.html,olx.kz,,
Примем охранников мужчин и женщин вахтовым методом,,0,,0,Экибастуз,https://www.olx.kz/obyavlenie/rabota/primem-ohrannikov-muzhchin-i-zhenschin-vahtovym-metodom-IDoEk6l.html,olx.kz,,
Требуются расклейщики объявлений,,0,,0,Павлодар,https://www.olx.kz/obyavlenie/rabota/trebuyutsya-raskleyschiki-obyavleniy-IDpUnXn.html,olx.kz,,
Требуется семейная пара на базу отдыха,,0,,0,"Астана, Алматинский район",https://www.olx.kz/obyavlenie/rabota/trebuetsya-semeynaya-para-na-bazu-otdyha-IDqFlQO.html,olx.kz,,
Грузчики на производство,,0,,0,"Астана, Байконурский",https://www.olx.kz/obyavlenie/rabota/gruzchiki-na-proizvodstvo-IDqJv1X.html,olx.kz,,
Требуется Уборщица,,0,,0,Костанай,https://www.olx.kz/obyavlenie/rabota/trebuetsya-uborschitsa-IDqjP1T.html,olx.kz,,
Требуются водитель на камаз,,0,,0,"Астана, Алматинский район",https://www.olx.kz/obyavlenie/rabota/trebuyutsya-voditel-na-kamaz-IDpTzfJ.html,olx.kz,,
"Доставка в Яндекс, работа для курьеров",,0,,0,"Астана, Алматинский район",https://www.olx.kz/rabota/https://yandextaxirabota.olx.kz/home/,olx.kz,,
Фасовщики сандвичей,,0,,0,"Астана, Байконурский",https://www.olx.kz/obyavlenie/rabota/fasovschiki-sandvichey-IDqJv0q.html,olx.kz,,
Требуется техничка в торг фирму «Береке» сзади Обувной фабрики,,0,,0,Семей,https://www.olx.kz/obyavlenie/rabota/trebuetsya-tehnichka-v-torg-firmu-bereke-szadi-obuvnoy-fabriki-IDpltDZ.html,olx.kz,,
Промоутер (подработка для студентов/школьников),,0,,0,"Караганда, Казыбекбийский район",https://www.olx.kz/obyavlenie/rabota/promouter-podrabotka-dlya-studentov-shkolnikov-IDqDR4a.html,olx.kz,,
Яндекс Такси! Нам требуются водители с авто| в Свободное время !,,0,,0,"Астана, Алматинский район",https://www.olx.kz/rabota/https://yandextaxirabota.olx.kz/home/,olx.kz,,
Требуется грузчик-комплектовщик,,0,,0,Петропавловск,https://www.olx.kz/obyavlenie/rabota/trebuetsya-gruzchik-komplektovschik-IDiHW9V.html,olx.kz,,
Требуется повар для плова и шаурмы,,0,,0,"Астана, Сарыаркинский район",https://www.olx.kz/obyavlenie/rabota/trebuetsya-povar-dlya-plova-i-shaurmy-IDqMsDN.html,olx.kz,,
Требуется старший продавец в супермаркет,,0,,0,"Караганда, Казыбекбийский район",https://www.olx.kz/obyavlenie/rabota/trebuetsya-starshiy-prodavets-v-supermarket-IDplBoR.html,olx.kz,,
Жүргізушілер қажет !!!,,0,,0,"Шымкент, Аль-Фарабийский район",https://www.olx.kz/obyavlenie/rabota/zhrgzushler-azhet-IDqk4VB.html,olx.kz,,
Кухонные рабочие,,0,,0,"Астана, Байконурский",https://www.olx.kz/obyavlenie/rabota/kuhonnye-rabochie-IDqJwYm.html,olx.kz,,
Подработка в свободное время на авто парка в такси!,,0,,0,"Алматы, Алатауский район",https://arendataxi.olx.kz/home/,olx.kz,,
"Требуется горничные , повор Коркем палас",,0,,0,"Шымкент, Аль-Фарабийский район",https://www.olx.kz/obyavlenie/rabota/trebuetsya-gornichnye-povor-korkem-palas-IDqfiNw.html,olx.kz,,
Требуется повар (шаурмист),,0,,0,"Усть-Каменогорск, Дворец спорта",https://www.olx.kz/obyavlenie/rabota/trebuetsya-povar-shaurmist-IDoKfIs.html,olx.kz,,
Яндекс Такси и Доставка зарабатывайте в свободное время в Караганде,,0,,0,"Караганда, Октябрьский район",https://yandextaxiastana.olx.kz/home/,olx.kz,,
Требуется кондитер- заготовитель.,,0,,0,Темиртау,https://www.olx.kz/obyavlenie/rabota/trebuetsya-konditer-zagotovitel-IDmcIMp.html,olx.kz,,
Требуется помощник технолога пекарни (мастер),,0,,0,Темиртау,https://www.olx.kz/obyavlenie/rabota/trebuetsya-pomoschnik-tehnologa-pekarni-master-IDpdorM.html,olx.kz,,
Требуется токарь,,0,,0,"Усть-Каменогорск, 45-я аптека",https://www.olx.kz/obyavlenie/rabota/trebuetsya-tokar-IDqGqzQ.html,olx.kz,,
Требуются водители Яндекс,,0,,0,"Караганда, Октябрьский район",https://www.olx.kz/obyavlenie/rabota/trebuyutsya-voditeli-yandeks-IDqJQRw.html,olx.kz,,
Шеф повар в столовую,,0,,0,"Астана, Байконурский",https://www.olx.kz/obyavlenie/rabota/shef-povar-v-stolovuyu-IDpUR6s.html,olx.kz,,
Требуются продавцы,,0,,0,Темиртау,https://www.olx.kz/obyavlenie/rabota/trebuyutsya-prodavtsy-IDlZ4WJ.html,olx.kz,,
"Работа в Яндекс Доставке для курьеров, Доход 10-20 тысяч в день",,0,,0,"Караганда, Октябрьский район",https://yandextaxiastana.olx.kz/home/,olx.kz,,
Работа на личном авто в такси Астана! Высокий доход!,,0,,0,"Астана, Сарыаркинский район",https://www.olx.kz/rabota/https://ytaxi.olx.kz/home/,olx.kz,,
Яндекс Такси/Доставка работа водителем на вашем авто в Алмате,,0,,0,"Алматы, Алатауский район",https://yandextaxiastana.olx.kz/home/,olx.kz,,
Өз автокөлігіңмен таксиде жұмыс — Шымкент!,,0,,0,"Шымкент, Аль-Фарабийский район",https://www.olx.kz/rabota/https://ytaxi.olx.kz/home/,olx.kz,,
Заработок в такси Алматы! Высокий доход!,,0,,0,"Алматы, Алмалинский район",https://www.olx.kz/rabota/https://ytaxi.olx.kz/home/,olx.kz,,
Нужен пекарь с опытом,,0,,0,"Алматы, Бостандыкский район",https://www.olx.kz/obyavlenie/rabota/nuzhen-pekar-s-opytom-IDqMsyl.html,olx.kz,,
Требуется продавец в мясной отдел,,0,,0,Темиртау,https://www.olx.kz/obyavlenie/rabota/trebuetsya-prodavets-v-myasnoy-otdel-IDqsCGy.html,olx.kz,,
Ищем сотрудников в офис,,0,,0,Панфилово,https://www.olx.kz/obyavlenie/rabota/ischem-sotrudnikov-v-ofis-IDqMsxJ.html,olx.kz,,
Требуются парни на производство диванов,,0,,0,Петропавловск,https://www.olx.kz/obyavlenie/rabota/trebuyutsya-parni-na-proizvodstvo-divanov-IDqJ8jI.html,olx.kz,,
"Разнорабочий, работа, жұмысшы қажет",,0,,0,Сайрам,https://www.olx.kz/obyavlenie/rabota/raznorabochiy-rabota-zhmysshy-azhet-IDqBhGP.html,olx.kz,,
Работа вахтовым методом,,0,,0,"Астана, Алматинский район",https://www.olx.kz/obyavlenie/rabota/rabota-vahtovym-metodom-IDqLx1O.html,olx.kz,,
"Работа для Курьеров в Яндекс Доставку, на авто, мото, пешком",,0,,0,"Караганда, Казыбекбийский район",https://yandextaxiastana.olx.kz/home/,olx.kz,,
Автомойка приглашает сотрудников,,0,,0,Петропавловск,https://www.olx.kz/obyavlenie/rabota/avtomoyka-priglashaet-sotrudnikov-IDqhK6p.html,olx.kz,,
Требуется подсобник,,0,,0,"Караганда, Казыбекбийский район",https://www.olx.kz/obyavlenie/rabota/trebuetsya-podsobnik-IDo6rAI.html,olx.kz,,
Администратор на ресепшен,,0,,0,"Астана, Сарыаркинский район",https://www.olx.kz/obyavlenie/rabota/administrator-na-resepshen-IDqz8WH.html,olx.kz,,
Полотер(уборщик),,0,,0,Чапаево,https://www.olx.kz/obyavlenie/rabota/poloteruborschik-IDqoupc.html,olx.kz,,
Требуются рабочие,,0,,0,Сарань,https://www.olx.kz/obyavlenie/rabota/trebuyutsya-rabochie-IDqMtpb.html,olx.kz,,
Дежурный администратор на полную ставку,,0,,0,"Астана, Сарыаркинский район",https://www.olx.kz/obyavlenie/rabota/dezhurnyy-administrator-na-polnuyu-stavku-IDqKY7H.html,olx.kz,,
Требуются кассиры,,0,,0,Темиртау,https://www.olx.kz/obyavlenie/rabota/trebuyutsya-kassiry-IDm9Gib.html,olx.kz,,
"Требуется специалист техподдержки, подработка для студентов",,0,,0,"Астана, Сарыаркинский район",https://www.olx.kz/obyavlenie/rabota/trebuetsya-spetsialist-tehpodderzhki-podrabotka-dlya-studentov-IDqynbD.html,olx.kz,,
Требуется водитель на цементовоз,,0,,0,Темиртау,https://www.olx.kz/obyavlenie/rabota/trebuetsya-voditel-na-tsementovoz-IDq4Oz9.html,olx.kz,,
Требуется грузчик на мебель,,0,,0,Петропавловск,https://www.olx.kz/obyavlenie/rabota/trebuetsya-gruzchik-na-mebel-IDqHR0v.html,olx.kz,,
На ленточную пилораму требуеться рамшик с помошником или один .,,0,,0,Семей,https://www.olx.kz/obyavlenie/rabota/na-lentochnuyu-piloramu-trebuetsya-ramshik-s-pomoshnikom-ili-odin-IDqC5Jx.html,olx.kz,,
Работа водителем на авто компании,,0,,0,"Шымкент, Аль-Фарабийский район",https://www.olx.kz/obyavlenie/rabota/rabota-voditelem-na-avto-kompanii-IDquWcH.html,olx.kz,,
Требуется водитель экспедитор,,0,,0,Петропавловск,https://www.olx.kz/obyavlenie/rabota/trebuetsya-voditel-ekspeditor-IDqJDMD.html,olx.kz,,
Требуются охранники вахта Майкаинзолото 180 000,,0,,0,Павлодар,https://www.olx.kz/obyavlenie/rabota/trebuyutsya-ohranniki-vahta-maykainzoloto-180-000-IDqiW09.html,olx.kz,,
Требуется водитель на еврофуру,,0,,0,Рудный,https://www.olx.kz/obyavlenie/rabota/trebuetsya-voditel-na-evrofuru-IDoTuAa.html,olx.kz,,
Требуется водитель,,0,,0,"Талдыкорган, Микрорайон 1",https://www.olx.kz/obyavlenie/rabota/trebuetsya-voditel-IDqMskn.html,olx.kz,,
Требуется повара в кафе ресторан,,0,,0,Кызылорда,https://www.olx.kz/obyavlenie/rabota/trebuetsya-povara-v-kafe-restoran-IDpcyet.html,olx.kz,,
Требуется работник,,0,,0,Нура,https://www.olx.kz/obyavlenie/rabota/trebuetsya-rabotnik-IDpTbyi.html,olx.kz,,
Требуется водитель на самосвал Камаз 15 тонн,,0,,0,"Алматы, Жетысуский район",https://www.olx.kz/obyavlenie/rabota/trebuetsya-voditel-na-samosval-kamaz-15-tonn-IDpGRFM.html,olx.kz,,
Бухгалтерские услуги,,0,,0,"Алматы, Медеуский район",https://www.olx.kz/obyavlenie/rabota/buhgalterskie-uslugi-IDqMtoP.html,olx.kz,,
Тазалықшы (жарты күндік жұмыс)/ Уборщик помещений (неполный день),,0,,0,"Караганда, Казыбекбийский район",https://fix-price.olx.kz/home/,olx.kz,,
На постоянную работу Требуются грузчики,,0,,0,"Шымкент, Аль-Фарабийский район",https://www.olx.kz/obyavlenie/rabota/na-postoyannuyu-rabotu-trebuyutsya-gruzchiki-IDno5kx.html,olx.kz,,
Сборщики сэндвичей в ночную смену,,0,,0,"Караганда, Казыбекбийский район",https://www.olx.kz/obyavlenie/rabota/sborschiki-sendvichey-v-nochnuyu-smenu-IDmHI9H.html,olx.kz,,
"HR, помощник HR менеджера",,0,,0,Жарсуат,https://www.olx.kz/obyavlenie/rabota/hr-pomoschnik-hr-menedzhera-IDqKV9v.html,olx.kz,,
Работа вахтой на складах в Москве( Россия),,0,,0,"Караганда, Октябрьский район",https://www.olx.kz/obyavlenie/rabota/rabota-vahtoy-na-skladah-v-moskve-rossiya-IDqbUAG.html,olx.kz,,
Уборщица помещений в кафе,,0,,0,"Усть-Каменогорск, 45-я аптека",https://www.olx.kz/obyavlenie/rabota/uborschitsa-pomescheniy-v-kafe-IDqhf4e.html,olx.kz,,
Требуется парикмахер,,0,,0,"Астана, Алматинский район",https://www.olx.kz/obyavlenie/rabota/trebuetsya-parikmaher-IDqI5Zd.html,olx.kz,,
Требуется водитель в компанию со своим автомобилем,,0,,0,"Алматы, Алмалинский район",https://www.olx.kz/obyavlenie/rabota/trebuetsya-voditel-v-kompaniyu-so-svoim-avtomobilem-IDqhhnN.html,olx.kz,,
Требуется на должность домашней помощницы,,0,,0,"Алматы, Бостандыкский район",https://www.olx.kz/obyavlenie/rabota/trebuetsya-na-dolzhnost-domashney-pomoschnitsy-IDqBr24.html,olx.kz,,
Геодезист- маркшейдер,,0,,0,Конаев (Капчагай),https://www.olx.kz/obyavlenie/rabota/geodezist-marksheyder-IDqMta8.html,olx.kz,,
Требуется менеджер по работе с заказами,,0,,0,"Алматы, Ауэзовский район",https://www.olx.kz/obyavlenie/rabota/trebuetsya-menedzher-po-rabote-s-zakazami-IDqLSe7.html,olx.kz,,
Требуется механизатор,,0,,0,Костанай,https://www.olx.kz/obyavlenie/rabota/trebuetsya-mehanizator-IDqL12e.html,olx.kz,,
Требуется автогрейдерист,,0,,0,"Астана, Байконурский",https://www.olx.kz/obyavlenie/rabota/trebuetsya-avtogreyderist-IDpJNEe.html,olx.kz,,
Ищем парикмахера,,0,,0,Петропавловск,https://www.olx.kz/obyavlenie/rabota/ischem-parikmahera-IDqpFZ8.html,olx.kz,,
Требуется пекарь в столовую,,0,,0,Риддер,https://www.olx.kz/obyavlenie/rabota/trebuetsya-pekar-v-stolovuyu-IDq2uxI.html,olx.kz,,
Разнорабочий на производство,,0,,0,"Уральск, 2-й рабочий",https://www.olx.kz/obyavlenie/rabota/raznorabochiy-na-proizvodstvo-IDqLSfg.html,olx.kz,,
Монтажник-сборщик наружной рекламы,,0,,0,"Караганда, Казыбекбийский район",https://www.olx.kz/obyavlenie/rabota/montazhnik-sborschik-naruzhnoy-reklamy-IDn9VLv.html,olx.kz,,
Шеф повар в столовую,,0,,0,"Астана, Байконурский",https://www.olx.kz/obyavlenie/rabota/shef-povar-v-stolovuyu-IDpUR6s.html,olx.kz,,
"Разнорабочий, работа, жұмысшы қажет",,0,,0,Сайрам,https://www.olx.kz/obyavlenie/rabota/raznorabochiy-rabota-zhmysshy-azhet-IDqBhGP.html,olx.kz,,
Требуется охранники день/ночь48,,0,,0,Павлодар,https://www.olx.kz/obyavlenie/rabota/trebuetsya-ohranniki-den-noch48-IDpZrCy.html,olx.kz,,
Срочно требуются разнорабочие в к/х,,0,,0,Шамалган,https://www.olx.kz/obyavlenie/rabota/srochno-trebuyutsya-raznorabochie-v-k-h-IDoNv3W.html,olx.kz,,
Требуется охранник Павлодар 1/2 90000,,0,,0,Павлодар,https://www.olx.kz/obyavlenie/rabota/trebuetsya-ohrannik-pavlodar-1-2-90000-IDqgph6.html,olx.kz,,
Ищу пастуха и табунщика,,0,,0,"Алматы, Бостандыкский район",https://www.olx.kz/obyavlenie/rabota/ischu-pastuha-i-tabunschika-IDpTkyj.html,olx.kz,,
Работа водителем в такси,,0,,0,"Астана, Байконурский",https://www.olx.kz/obyavlenie/rabota/rabota-voditelem-v-taksi-IDhFUse.html,olx.kz,,
Требуются монтажники пластиковых окон,,0,,0,Темиртау,https://www.olx.kz/obyavlenie/rabota/trebuyutsya-montazhniki-plastikovyh-okon-IDqb8yD.html,olx.kz,,
Требуются сушисты и пиццоры можно без опыта работы,,0,,0,Костанай,https://www.olx.kz/obyavlenie/rabota/trebuyutsya-sushisty-i-pitstsory-mozhno-bez-opyta-raboty-IDpXn7e.html,olx.kz,,
Требуется сборщики ПВХ окон,,0,,0,"Атырау, Балыкшы",https://www.olx.kz/obyavlenie/rabota/trebuetsya-sborschiki-pvh-okon-IDooDXp.html,olx.kz,,
"Техник-универсал, Хаусмастер",,0,,0,Акши,https://www.olx.kz/obyavlenie/rabota/tehnik-universal-hausmaster-IDqIYua.html,olx.kz,,
Требуеться парильщик 2/2,,0,,0,"Усть-Каменогорск, 45-я аптека",https://www.olx.kz/obyavlenie/rabota/trebuetsya-parilschik-2-2-IDqqudq.html,olx.kz,,
"Работа для Курьеров в Яндекс Доставку, на авто, мото, пешком",,0,,0,"Караганда, Казыбекбийский район",https://yandextaxiastana.olx.kz/home/,olx.kz,,
Требуется водитель экспедитор,,0,,0,Петропавловск,https://www.olx.kz/obyavlenie/rabota/trebuetsya-voditel-ekspeditor-IDqJDMD.html,olx.kz,,
Стирка ковров. Рабочие,,0,,0,Семей,https://www.olx.kz/obyavlenie/rabota/stirka-kovrov-rabochie-IDpiRO9.html,olx.kz,,
"Требуются монтажники ПВХ и Алюминиевых окон, дверей, витражей",,0,,0,"Атырау, Жилгородок",https://www.olx.kz/obyavlenie/rabota/trebuyutsya-montazhniki-pvh-i-alyuminievyh-okon-dverey-vitrazhey-IDqhdqh.html,olx.kz,,
Требуются швеи по пошиву спецодежды,,0,,0,"Уральск, 2-й рабочий",https://www.olx.kz/obyavlenie/rabota/trebuyutsya-shvei-po-poshivu-spetsodezhdy-IDqx9Xe.html,olx.kz,,
Менеджер по продажам В2b,,0,,0,Павлодар,https://www.olx.kz/obyavlenie/rabota/menedzher-po-prodazham-v2b-IDqFGaM.html,olx.kz,,
"Требуется разнаробочие, помощники монтажника",,0,,0,"Атырау, Балыкшы",https://www.olx.kz/obyavlenie/rabota/trebuetsya-raznarobochie-pomoschniki-montazhnika-IDmR5cG.html,olx.kz,,
Аренда дамаса. Оплата ежедневно,,0,,0,"Алматы, Алмалинский район",https://www.olx.kz/obyavlenie/rabota/arenda-damasa-oplata-ezhednevno-IDqqHVK.html,olx.kz,,
Грузчик на склад Караганда,,0,,0,"Караганда, Казыбекбийский район",https://www.olx.kz/obyavlenie/rabota/gruzchik-na-sklad-karaganda-IDqLyl1.html,olx.kz,,
Свободный Тороговый предстовитель,,0,,0,"Уральск, Микрорайон 6 (Конаева)",https://www.olx.kz/obyavlenie/rabota/svobodnyy-torogovyy-predstovitel-IDqMbcm.html,olx.kz,,
Требуется водитель на фуру,,0,,0,"Караганда, Казыбекбийский район",https://www.olx.kz/obyavlenie/rabota/trebuetsya-voditel-na-furu-IDqimBW.html,olx.kz,,
Требуются водители,,0,,0,"Актобе, микрорайон 12",https://www.olx.kz/list/user/4lxUE/,olx.kz,,
Требуется швея на ремонт и пошив одежды,,0,,0,"Астана, Алматинский район",https://www.olx.kz/obyavlenie/rabota/trebuetsya-shveya-na-remont-i-poshiv-odezhdy-IDqIYhr.html,olx.kz,,
Требуется тракторист- механизатор,,0,,0,"Алматы, Медеуский район",https://www.olx.kz/obyavlenie/rabota/trebuetsya-traktorist-mehanizator-IDpvJUj.html,olx.kz,,
Вахта Лемана про Россия,,0,,0,"Актобе, микрорайон 11",https://www.olx.kz/obyavlenie/rabota/vahta-lemana-pro-rossiya-IDqHtmD.html,olx.kz,,
Ищем ученика монтажника кондиционеров,,0,,0,"Караганда, Казыбекбийский район",https://www.olx.kz/obyavlenie/rabota/ischem-uchenika-montazhnika-konditsionerov-IDqDd4z.html,olx.kz,,
Требуется техничка на уборку подъездов,,0,,0,Петропавловск,https://www.olx.kz/obyavlenie/rabota/trebuetsya-tehnichka-na-uborku-podezdov-IDorxoe.html,olx.kz,,
Вахта работа Россия,,0,,0,"Тараз, 1-мкр. Акбулак",https://www.olx.kz/obyavlenie/rabota/vahta-rabota-rossiya-IDqx3wE.html,olx.kz,,
Требуется швея в ателье,,0,,0,"Астана, Есильский район",https://www.olx.kz/obyavlenie/rabota/trebuetsya-shveya-v-atele-IDpUde5.html,olx.kz,,
Требуется в кафе в р-н аэропорта повар-универсал со стажем,,0,,0,"Алматы, Турксибский район",https://www.olx.kz/obyavlenie/rabota/trebuetsya-v-kafe-v-r-n-aeroporta-povar-universal-so-stazhem-IDqoSzL.html,olx.kz,,
Срочно требуется бухгалтер,,0,,0,"Астана, Есильский район",https://www.olx.kz/obyavlenie/rabota/srochno-trebuetsya-buhgalter-IDqKexn.html,olx.kz,,
Требуются монтажники и сборщики пластиковых окон с опытом работы!,,0,,0,"Атырау, Азаттык",https://www.olx.kz/obyavlenie/rabota/trebuyutsya-montazhniki-i-sborschiki-plastikovyh-okon-s-opytom-raboty-IDmxf2S.html,olx.kz,,
Требуется горничная в придорожный кемпинг по вахтовому методу.,,0,,0,Карабутак,https://www.olx.kz/obyavlenie/rabota/trebuetsya-gornichnaya-v-pridorozhnyy-kemping-po-vahtovomu-metodu-IDqLS6P.html,olx.kz,,
Требуются охранники по ул Токпанова,,0,,0,"Астана, Алматинский район",https://www.olx.kz/obyavlenie/rabota/trebuyutsya-ohranniki-po-ul-tokpanova-IDoV8sa.html,olx.kz,,
Требуется мастер плотник по плинтусам,,0,,0,"Астана, Сарыаркинский район",https://www.olx.kz/obyavlenie/rabota/trebuetsya-master-plotnik-po-plintusam-IDog4xv.html,olx.kz,,
Удалённая работа с текстами гибкий график,,0,,0,"Алматы, Алмалинский район",https://www.olx.kz/obyavlenie/rabota/udalennaya-rabota-s-tekstami-gibkiy-grafik-IDqM1hY.html,olx.kz,,
Грузчик в магазин,,0,,0,"Алматы, Алмалинский район",https://www.olx.kz/obyavlenie/rabota/gruzchik-v-magazin-IDqnA0d.html,olx.kz,,
Сборщик бытовок проживание,,0,,0,Павлодар,https://www.olx.kz/obyavlenie/rabota/sborschik-bytovok-prozhivanie-IDq1YdO.html,olx.kz,,
Ищу няня-помощницу,,0,,0,"Алматы, Алмалинский район",https://www.olx.kz/obyavlenie/rabota/ischu-nyanya-pomoschnitsu-IDqFwgg.html,olx.kz,,
Требует продавец,,0,,0,"Алматы, Алмалинский район",https://www.olx.kz/obyavlenie/rabota/trebuet-prodavets-IDqFVh2.html,olx.kz,,
Требуется сварщик,,0,,0,Костанай,https://www.olx.kz/obyavlenie/rabota/trebuetsya-svarschik-IDqJdLC.html,olx.kz,,
Требуются девушки мастера массажа,,0,,0,Нуркен,https://www.olx.kz/obyavlenie/rabota/trebuyutsya-devushki-mastera-massazha-IDqJ628.html,olx.kz,,
Требуется сиделка,,0,,0,Туздыбастау,https://www.olx.kz/obyavlenie/rabota/trebuetsya-sidelka-IDpZclx.html,olx.kz,,
Требуется водитель на фуру,,0,,0,Кызылжар,https://www.olx.kz/obyavlenie/rabota/trebuetsya-voditel-na-furu-IDqLydk.html,olx.kz,,
Требуются сварщики,,0,,0,Костанай,https://www.olx.kz/obyavlenie/rabota/trebuyutsya-svarschiki-IDqLvvC.html,olx.kz,,
Требуется дальнобойщик,,0,,0,"Алматы, Ауэзовский район",https://www.olx.kz/obyavlenie/rabota/trebuetsya-dalnoboyschik-IDqDTCW.html,olx.kz,,
Требуется продавец,,0,,0,Новоишимское,https://www.olx.kz/obyavlenie/rabota/trebuetsya-prodavets-IDqIpgQ.html,olx.kz,,
Срочно нужны техперсоналы в офис,,0,,0,"Алматы, Бостандыкский район",https://www.olx.kz/obyavlenie/rabota/srochno-nuzhny-tehpersonaly-v-ofis-IDqASV4.html,olx.kz,,
Требуется менеджер по работе с клиентами в автосервис ПЗМ,,0,,0,"Астана, Алматинский район",https://www.olx.kz/obyavlenie/rabota/trebuetsya-menedzher-po-rabote-s-klientami-v-avtoservis-pzm-IDpMB8x.html,olx.kz,,
Требуются автомойщики,,0,,0,"Астана, Алматинский район",https://www.olx.kz/obyavlenie/rabota/trebuyutsya-avtomoyschiki-IDosTKT.html,olx.kz,,
Разнорабочий на рис завод,,0,,0,Кызылорда,https://www.olx.kz/obyavlenie/rabota/raznorabochiy-na-ris-zavod-IDnQUwu.html,olx.kz,,
Требуется электрик,,0,,0,"Усть-Каменогорск, пр.Абая",https://www.olx.kz/obyavlenie/rabota/trebuetsya-elektrik-IDpDu42.html,olx.kz,,
Требуется торговый представитель,,0,,0,"Уральск, 2-й рабочий",https://www.olx.kz/obyavlenie/rabota/trebuetsya-torgovyy-predstavitel-IDohOjr.html,olx.kz,,
"Нужна семья на ферму - постоянная работа, хорошие условия",,0,,0,Боралдай,https://www.olx.kz/obyavlenie/rabota/nuzhna-semya-na-fermu-postoyannaya-rabota-horoshie-usloviya-IDqqrJA.html,olx.kz,,
Требуется водитель-экспедитор по горду Алматы с опытам работы вождени,,0,,0,"Алматы, Алмалинский район",https://www.olx.kz/obyavlenie/rabota/trebuetsya-voditel-ekspeditor-po-gordu-almaty-s-opytam-raboty-vozhdeni-IDqzVOd.html,olx.kz,,
Разнорабочий. Посевные работы.,,0,,0,Державинск,https://www.olx.kz/obyavlenie/rabota/raznorabochiy-posevnye-raboty-IDqHSau.html,olx.kz,,
"Требуется сервис менеджер , хаус мастер",,0,,0,"Алматы, Алмалинский район",https://www.olx.kz/obyavlenie/rabota/trebuetsya-servis-menedzher-haus-master-IDqLRJx.html,olx.kz,,
На пивоваренное производство требуется ГРУЗЧИК. РАбота в РФ,,0,,0,Петропавловск,https://www.olx.kz/obyavlenie/rabota/na-pivovarennoe-proizvodstvo-trebuetsya-gruzchik-rabota-v-rf-IDqMs5x.html,olx.kz,,
Требуется грузчик на производство. Работа в РОССИИ,,0,,0,"Атырау, Авангард",https://www.olx.kz/obyavlenie/rabota/trebuetsya-gruzchik-na-proizvodstvo-rabota-v-rossii-IDqMs4h.html,olx.kz,,
Требуется массажист в баню,,0,,0,"Шымкент, Аль-Фарабийский район",https://www.olx.kz/obyavlenie/rabota/trebuetsya-massazhist-v-banyu-IDqIYgt.html,olx.kz,,
Требуются сварщики МКС и слесаря МСР на вахту в Россию.,,0,,0,"Уральск, 2-я база",https://www.olx.kz/obyavlenie/rabota/trebuyutsya-svarschiki-mks-i-slesarya-msr-na-vahtu-v-rossiyu-IDqLRZW.html,olx.kz,,
Требуется водитель на самосвал сорокач,,0,,0,Костанай,https://www.olx.kz/obyavlenie/rabota/trebuetsya-voditel-na-samosval-sorokach-IDqtFmC.html,olx.kz,,
Требуется грузчик на пивоваренное производство. Работа в России,,0,,0,"Караганда, Казыбекбийский район",https://www.olx.kz/obyavlenie/rabota/trebuetsya-gruzchik-na-pivovarennoe-proizvodstvo-rabota-v-rossii-IDqM7iD.html,olx.kz,,
Таксопарк Яндекс | Яндекс такси для водителей | Подключение водителей,,0,,0,Павлодар,https://www.olx.kz/obyavlenie/rabota/taksopark-yandeks-yandeks-taksi-dlya-voditeley-podklyuchenie-voditeley-IDqyEYb.html,olx.kz,,
Требуется Администратор менеджер,,0,,0,"Алматы, Ауэзовский район",https://www.olx.kz/obyavlenie/rabota/trebuetsya-administrator-menedzher-IDqGWtr.html,olx.kz,,
Нужна сиделка. Для бабушки,,0,,0,Павлодар,https://www.olx.kz/obyavlenie/rabota/nuzhna-sidelka-dlya-babushki-IDqKfQc.html,olx.kz,,
Ищем сотрудников в цех по производству окон и дверей пвх,,0,,0,Отеген батыра,https://www.olx.kz/obyavlenie/rabota/ischem-sotrudnikov-v-tseh-po-proizvodstvu-okon-i-dverey-pvh-IDqMrTf.html,olx.kz,,
Требуется электрик,,0,,0,"Усть-Каменогорск, пр.Абая",https://www.olx.kz/obyavlenie/rabota/trebuetsya-elektrik-IDpDu42.html,olx.kz,,
"Требуются сварщики и слесаря без опыта, вахтой в Россию",,0,,0,"Астана, Алматинский район",https://www.olx.kz/obyavlenie/rabota/trebuyutsya-svarschiki-i-slesarya-bez-opyta-vahtoy-v-rossiyu-IDqLRXQ.html,olx.kz,,
Внимание! Короткая вахта,,0,,0,Костанай,https://www.olx.kz/obyavlenie/rabota/vnimanie-korotkaya-vahta-IDqvJEP.html,olx.kz,,
"Идет набор на склады,Упаковщики",,0,,0,Костанай,https://www.olx.kz/obyavlenie/rabota/idet-nabor-na-sklady-upakovschiki-IDqsMcm.html,olx.kz,,
Короткая вахта из Костаная в Челябинск,,0,,0,Костанай,https://www.olx.kz/obyavlenie/rabota/korotkaya-vahta-iz-kostanaya-v-chelyabinsk-IDqsIvg.html,olx.kz,,
мастер на сто полная занятость,,0,,0,"Астана, Алматинский район",https://www.olx.kz/obyavlenie/rabota/master-na-sto-polnaya-zanyatost-IDpRBXn.html,olx.kz,,
Водитель-курьер на авто компании в Яндекс Еду. (Заработок до 700 000₸),,0,,0,"Алматы, Ауэзовский район",https://vezunchikpro.olx.kz/home/,olx.kz,,
Разнорабочие Мужчины и женщины,,0,,0,Костанай,https://www.olx.kz/obyavlenie/rabota/raznorabochie-muzhchiny-i-zhenschiny-IDqsMam.html,olx.kz,,
Требуется администратор на зону отдыха,,0,,0,Балхаш,https://www.olx.kz/obyavlenie/rabota/trebuetsya-administrator-na-zonu-otdyha-IDqK88W.html,olx.kz,,
В МТФ на постоянную основу требуются,,0,,0,Петропавловск,https://www.olx.kz/obyavlenie/rabota/v-mtf-na-postoyannuyu-osnovu-trebuyutsya-IDqu6al.html,olx.kz,,
Требуется водитель автовышки агп,,0,,0,"Астана, Сарыаркинский район",https://www.olx.kz/obyavlenie/rabota/trebuetsya-voditel-avtovyshki-agp-IDqLvEn.html,olx.kz,,
Ищем семью для работы на ферме в алматинской области,,0,,0,Береке,https://www.olx.kz/obyavlenie/rabota/ischem-semyu-dlya-raboty-na-ferme-v-almatinskoy-oblasti-IDqlfxW.html,olx.kz,,
Требуются разнорабочии,,0,,0,Павлодар,https://www.olx.kz/obyavlenie/rabota/trebuyutsya-raznorabochii-IDqLRWm.html,olx.kz,,
Врач офтальмолог детский,,0,,0,Костанай,https://www.olx.kz/obyavlenie/rabota/vrach-oftalmolog-detskiy-IDqhDgm.html,olx.kz,,
"Яндекс Такси набор водителей, Доход на вашем/нашем авто в Астане",,0,,0,"Астана, Алматинский район",https://www.olx.kz/rabota/https://yandextaxirabota.olx.kz/home/,olx.kz,,
Требуется садовник,,0,,0,Каргалы,https://www.olx.kz/obyavlenie/rabota/trebuetsya-sadovnik-IDqKeaC.html,olx.kz,,
Пекарь в ночную смену,,0,,0,"Алматы, Ауэзовский район",https://www.olx.kz/obyavlenie/rabota/pekar-v-nochnuyu-smenu-IDq0B0K.html,olx.kz,,
Требуется ДЕВУШКА продавец на Разливное мороженное,,0,,0,"Шымкент, Аль-Фарабийский район",https://www.olx.kz/obyavlenie/rabota/trebuetsya-devushka-prodavets-na-razlivnoe-morozhennoe-IDqIY7n.html,olx.kz,,
Крупье / Дилер (специалист в казино) трансфер и обучение,,0,,0,Златополье,https://cashville.olx.kz/home/,olx.kz,,
Требуется сотрудник на автострахование,,0,,0,"Уральск, Кинотеатр Гагарина",https://www.olx.kz/obyavlenie/rabota/trebuetsya-sotrudnik-na-avtostrahovanie-IDqHLg4.html,olx.kz,,
Идет набор на вахту,,0,,0,Костанай,https://www.olx.kz/obyavlenie/rabota/idet-nabor-na-vahtu-IDqzoP4.html,olx.kz,,
Требуются Механизаторы,,0,,0,Костанай,https://www.olx.kz/obyavlenie/rabota/trebuyutsya-mehanizatory-IDqIu4D.html,olx.kz,,
Требуются рабочие на предприятие,,0,,0,Темиртау,https://www.olx.kz/obyavlenie/rabota/trebuyutsya-rabochie-na-predpriyatie-IDkqndU.html,olx.kz,,
Требуется сварщик на полуавтомат,,0,,0,Отеген батыра,https://www.olx.kz/obyavlenie/rabota/trebuetsya-svarschik-na-poluavtomat-IDqM8No.html,olx.kz,,
Требуется электрик,,0,,0,"Усть-Каменогорск, пр.Абая",https://www.olx.kz/obyavlenie/rabota/trebuetsya-elektrik-IDpDu42.html,olx.kz,,
"Требуются сварщики и слесаря без опыта, вахтой в Россию",,0,,0,"Астана, Алматинский район",https://www.olx.kz/obyavlenie/rabota/trebuyutsya-svarschiki-i-slesarya-bez-opyta-vahtoy-v-rossiyu-IDqLRXQ.html,olx.kz,,
Внимание! Короткая вахта,,0,,0,Костанай,https://www.olx.kz/obyavlenie/rabota/vnimanie-korotkaya-vahta-IDqvJEP.html,olx.kz,,
"Идет набор на склады,Упаковщики",,0,,0,Костанай,https://www.olx.kz/obyavlenie/rabota/idet-nabor-na-sklady-upakovschiki-IDqsMcm.html,olx.kz,,
Короткая вахта из Костаная в Челябинск,,0,,0,Костанай,https://www.olx.kz/obyavlenie/rabota/korotkaya-vahta-iz-kostanaya-v-chelyabinsk-IDqsIvg.html,olx.kz,,
мастер на сто полная занятость,,0,,0,"Астана, Алматинский район",https://www.olx.kz/obyavlenie/rabota/master-na-sto-polnaya-zanyatost-IDpRBXn.html,olx.kz,,
Водитель-курьер на авто компании в Яндекс Еду. (Заработок до 700 000₸),,0,,0,"Алматы, Ауэзовский район",https://vezunchikpro.olx.kz/home/,olx.kz,,
Разнорабочие Мужчины и женщины,,0,,0,Костанай,https://www.olx.kz/obyavlenie/rabota/raznorabochie-muzhchiny-i-zhenschiny-IDqsMam.html,olx.kz,,
Ищем семью для работы на ферме в алматинской области,,0,,0,Береке,https://www.olx.kz/obyavlenie/rabota/ischem-semyu-dlya-raboty-na-ferme-v-almatinskoy-oblasti-IDqlfxW.html,olx.kz,,
Требуются разнорабочии,,0,,0,Павлодар,https://www.olx.kz/obyavlenie/rabota/trebuyutsya-raznorabochii-IDqLRWm.html,olx.kz,,
Требуется фасовщица в пекарню,,0,,0,"Караганда, Октябрьский район",https://www.olx.kz/obyavlenie/rabota/trebuetsya-fasovschitsa-v-pekarnyu-IDnVBoS.html,olx.kz,,
Требуется техничка,,0,,0,"Астана, Алматинский район",https://www.olx.kz/obyavlenie/rabota/trebuetsya-tehnichka-IDqMfNH.html,olx.kz,,
Требуется водитель на легковой автомобиль.,,0,,0,"Алматы, Алмалинский район",https://www.olx.kz/list/user/dC6vW/,olx.kz,,
Врач офтальмолог детский,,0,,0,Костанай,https://www.olx.kz/obyavlenie/rabota/vrach-oftalmolog-detskiy-IDqhDgm.html,olx.kz,,
"Яндекс Такси набор водителей, Доход на вашем/нашем авто в Астане",,0,,0,"Астана, Алматинский район",https://www.olx.kz/rabota/https://yandextaxirabota.olx.kz/home/,olx.kz,,
Требуется садовник,,0,,0,Каргалы,https://www.olx.kz/obyavlenie/rabota/trebuetsya-sadovnik-IDqKeaC.html,olx.kz,,
Пекарь в ночную смену,,0,,0,"Алматы, Ауэзовский район",https://www.olx.kz/obyavlenie/rabota/pekar-v-nochnuyu-smenu-IDq0B0K.html,olx.kz,,
Требуется ДЕВУШКА продавец на Разливное мороженное,,0,,0,"Шымкент, Аль-Фарабийский район",https://www.olx.kz/obyavlenie/rabota/trebuetsya-devushka-prodavets-na-razlivnoe-morozhennoe-IDqIY7n.html,olx.kz,,
Крупье / Дилер (специалист в казино) трансфер и обучение,,0,,0,Златополье,https://cashville.olx.kz/home/,olx.kz,,
Требуется сотрудник на автострахование,,0,,0,"Уральск, Кинотеатр Гагарина",https://www.olx.kz/obyavlenie/rabota/trebuetsya-sotrudnik-na-avtostrahovanie-IDqHLg4.html,olx.kz,,
Идет набор на вахту,,0,,0,Костанай,https://www.olx.kz/obyavlenie/rabota/idet-nabor-na-vahtu-IDqzoP4.html,olx.kz,,
Требуются разнорабочие,,0,,0,Костанай,https://www.olx.kz/obyavlenie/rabota/trebuyutsya-raznorabochie-IDqzoH5.html,olx.kz,,
Риелтор трудоустройство обучение,,0,,0,"Тараз, 4-мкр. Салтанат",https://www.olx.kz/obyavlenie/rabota/rieltor-trudoustroystvo-obuchenie-IDpEDT9.html,olx.kz,,
Водитель манипулятор камаз,,0,,0,"Атырау, Привокзальный",https://www.olx.kz/obyavlenie/rabota/voditel-manipulyator-kamaz-IDpw45o.html,olx.kz,,
Водитель экспедитор,,0,,0,Муткенова,https://www.olx.kz/obyavlenie/rabota/voditel-ekspeditor-IDpZOBz.html,olx.kz,,
Набор рабочих на вахту в России (мужчины и женщины),,0,,0,Семей,https://goforjob.olx.kz/home/,olx.kz,,
Идет набор на короткую вахту,,0,,0,Костанай,https://www.olx.kz/obyavlenie/rabota/idet-nabor-na-korotkuyu-vahtu-IDqDstg.html,olx.kz,,
Внимание! Короткая вахта,,0,,0,Костанай,https://www.olx.kz/obyavlenie/rabota/vnimanie-korotkaya-vahta-IDqLPiD.html,olx.kz,,
Короткая вахта из Костаная в Екатеринбург,,0,,0,Костанай,https://www.olx.kz/obyavlenie/rabota/korotkaya-vahta-iz-kostanaya-v-ekaterinburg-IDqyhG6.html,olx.kz,,
Требуется Администратор в столовую,,0,,0,"Алматы, Жетысуский район",https://www.olx.kz/obyavlenie/rabota/trebuetsya-administrator-v-stolovuyu-IDqCloJ.html,olx.kz,,
Требуется кассир-оператор,,0,,0,Костанай,https://www.olx.kz/obyavlenie/rabota/trebuetsya-kassir-operator-IDqIXF7.html,olx.kz,,
Требуются упаковщики в тёплый склад,,0,,0,Костанай,https://www.olx.kz/obyavlenie/rabota/trebuyutsya-upakovschiki-v-teplyy-sklad-IDqyeQ9.html,olx.kz,,
Требуются разнорабочие в Екатеринбург,,0,,0,Костанай,https://www.olx.kz/obyavlenie/rabota/trebuyutsya-raznorabochie-v-ekaterinburg-IDqygAz.html,olx.kz,,
Требуются разнорабочие в Челябинск,,0,,0,Костанай,https://www.olx.kz/obyavlenie/rabota/trebuyutsya-raznorabochie-v-chelyabinsk-IDqygyK.html,olx.kz,,
Требуется ШЕФ-БАРИСТА в кафе с опытом работы,,0,,0,"Алматы, Бостандыкский район",https://www.olx.kz/obyavlenie/rabota/trebuetsya-shef-barista-v-kafe-s-opytom-raboty-IDqKBBz.html,olx.kz,,
Работа на теплом складе,,0,,0,Костанай,https://www.olx.kz/obyavlenie/rabota/rabota-na-teplom-sklade-IDqyhI9.html,olx.kz,,
Требуются заправщики на АЗС!,,0,,0,"Алматы, Бостандыкский район",https://www.olx.kz/obyavlenie/rabota/trebuyutsya-zapravschiki-na-azs-IDlGyDm.html,olx.kz,,
Требуються сотрудники в строительную фирму,,0,,0,Темиртау,https://www.olx.kz/obyavlenie/rabota/trebuyutsya-sotrudniki-v-stroitelnuyu-firmu-IDqLxAg.html,olx.kz,,
Оператор лазерного станка Чпу,,0,,0,Щучинск,https://www.olx.kz/obyavlenie/rabota/operator-lazernogo-stanka-chpu-IDqkQ1G.html,olx.kz,,
Ищем семью для работы на ферме,,0,,0,Береке,https://www.olx.kz/obyavlenie/rabota/ischem-semyu-dlya-raboty-na-ferme-IDlASDb.html,olx.kz,,
Работа зборщик мотосалон Алматы Тұрақты жұмысшы қажет!,,0,,0,"Алматы, Алмалинский район",https://www.olx.kz/list/user/7Meha/,olx.kz,,
Требуется водитель на развозку автобус ПАЗ.,,0,,0,Павлодар,https://www.olx.kz/obyavlenie/rabota/trebuetsya-voditel-na-razvozku-avtobus-paz-IDqr2PX.html,olx.kz,,
официантка в кафе,,0,,0,"Астана, Сарыаркинский район",https://www.olx.kz/obyavlenie/rabota/ofitsiantka-v-kafe-IDpAriz.html,olx.kz,,
Требуется маляр в студию реставрации авто дисков,,0,,0,Костанай,https://www.olx.kz/obyavlenie/rabota/trebuetsya-malyar-v-studiyu-restavratsii-avto-diskov-IDqMrBE.html,olx.kz,,
Требуется помощник или семейная пара на базу отдыха,,0,,0,Сарыозен,https://www.olx.kz/obyavlenie/rabota/trebuetsya-pomoschnik-ili-semeynaya-para-na-bazu-otdyha-IDqMrzQ.html,olx.kz,,
Требуются Автомойщики VillautoSpa,,0,,0,"Алматы, Бостандыкский район",https://www.olx.kz/obyavlenie/rabota/trebuyutsya-avtomoyschiki-villautospa-IDpPCvh.html,olx.kz,,
Работа в Яндекс Такси для водителей а так же курьеров в Астане,,0,,0,"Астана, Есильский район",https://www.olx.kz/rabota/https://yandextaxirabota.olx.kz/home/,olx.kz,,
Требуется администрато-официант,,0,,0,"Алматы, Алмалинский район",https://www.olx.kz/obyavlenie/rabota/trebuetsya-administrato-ofitsiant-IDqLRPb.html,olx.kz,,
В поисках домработницы/повара,,0,,0,"Астана, Нура",https://www.olx.kz/obyavlenie/rabota/v-poiskah-domrabotnitsy-povara-IDqet1B.html,olx.kz,,
Срочно требуются автомойщики,,0,,0,Чапаево,https://www.olx.kz/obyavlenie/rabota/srochno-trebuyutsya-avtomoyschiki-IDovP6X.html,olx.kz,,
Требуются охранники,,0,,0,Боралдай,https://www.olx.kz/obyavlenie/rabota/trebuyutsya-ohranniki-IDqJQYP.html,olx.kz,,
Требуется уборщица в ТРЦ ADK River магазин детский мир,,0,,0,"Усть-Каменогорск, Микрорайон 22",https://www.olx.kz/obyavlenie/rabota/trebuetsya-uborschitsa-v-trts-adk-river-magazin-detskiy-mir-IDpWq4N.html,olx.kz,,
Водитель в Яндекс такси,,0,,0,"Астана, Нура",https://www.olx.kz/obyavlenie/rabota/voditel-v-yandeks-taksi-IDq5CQt.html,olx.kz,,
Водитель в Яндекс такси,,0,,0,"Астана, Алматинский район",https://www.olx.kz/obyavlenie/rabota/voditel-v-yandeks-taksi-IDotJWa.html,olx.kz,,
"В сельскую местность требуются разнорабочий, скотник Зар",,0,,0,Новокаменка,https://www.olx.kz/obyavlenie/rabota/v-selskuyu-mestnost-trebuyutsya-raznorabochiy-skotnikzar-IDqKAir.html,olx.kz,,
Требуются Дорожные рабочие,,0,,0,"Караганда, Казыбекбийский район",https://www.olx.kz/obyavlenie/rabota/trebuyutsya-dorozhnye-rabochie-IDqKqDZ.html,olx.kz,,
Яндекс таксопарк | Комфорт и Комфорт+ водитель | Работ в такси,,0,,0,Семей,https://www.olx.kz/obyavlenie/rabota/yandeks-taksopark-komfort-i-komfort-voditel-rabot-v-taksi-IDqzYiw.html,olx.kz,,
Требуется Автоэлектрик,,0,,0,Костанай,https://www.olx.kz/obyavlenie/rabota/trebuetsya-avtoelektrik-IDpsHV5.html,olx.kz,,
Яндекс таксопарк | Комфорт и Комфорт+ водитель | Работ в такси,,0,,0,"Караганда, Казыбекбийский район",https://www.olx.kz/obyavlenie/rabota/yandeks-taksopark-komfort-i-komfort-voditel-rabot-v-taksi-IDqzYeZ.html,olx.kz,,
Работа в яндекс такси,,0,,0,"Астана, Нура",https://www.olx.kz/obyavlenie/rabota/rabota-v-yandeks-taksi-IDpaCXW.html,olx.kz,,
Яндекс таксопарк | Комфорт и Комфорт+ водитель | Работ в такси,,0,,0,"Шымкент, Туран",https://www.olx.kz/obyavlenie/rabota/yandeks-taksopark-komfort-i-komfort-voditel-rabot-v-taksi-IDqzYda.html,olx.kz,,
Яндекс таксопарк | Комфорт и Комфорт+ водитель | Работ в такси,,0,,0,"Алматы, Бостандыкский район",https://www.olx.kz/obyavlenie/rabota/yandeks-taksopark-komfort-i-komfort-voditel-rabot-v-taksi-IDqzY6E.html,olx.kz,,
Требуется мастера в салон красоты,,0,,0,Сауран,https://www.olx.kz/obyavlenie/rabota/trebuetsya-mastera-v-salon-krasoty-IDqHLzp.html,olx.kz,,
Требуются расклейщики объявлений,,0,,0,Павлодар,https://www.olx.kz/obyavlenie/rabota/trebuyutsya-raskleyschiki-obyavleniy-IDpUnXn.html,olx.kz,,
Требуется разнорабочие,,0,,0,Сайрам,https://www.olx.kz/obyavlenie/rabota/trebuetsya-raznorabochie-IDqL5X1.html,olx.kz,,
Оператор- кассир; оптовые и розничные продажи.,,0,,0,"Кокшетау, Центр города",https://www.olx.kz/obyavlenie/rabota/operator-kassir-optovye-i-roznichnye-prodazhi-IDqKBnZ.html,olx.kz,,
В цех по изготовлению мебели требуются Шлифовщик,,0,,0,"Алматы, Жетысуский район",https://www.olx.kz/obyavlenie/rabota/v-tseh-po-izgotovleniyu-mebeli-trebuyutsya-shlifovschik-IDqyunu.html,olx.kz,,
Яндекс таксопарк | Комфорт и Комфорт+ водитель | Работ в такси,,0,,0,"Астана, Сарыаркинский район",https://www.olx.kz/obyavlenie/rabota/yandeks-taksopark-komfort-i-komfort-voditel-rabot-v-taksi-IDqzYbs.html,olx.kz,,
Требуется автомойщики,,0,,0,"Астана, Есильский район",https://www.olx.kz/obyavlenie/rabota/trebuetsya-avtomoyschiki-IDqDVUX.html,olx.kz,,
Требуется разнорабочий,,0,,0,Ботакара,https://www.olx.kz/obyavlenie/rabota/trebuetsya-raznorabochiy-IDqM1DL.html,olx.kz,,
"Тележечник в супермаркет ""Aimer""",,0,,0,"Кокшетау, Проспект Абылай хана",https://www.olx.kz/obyavlenie/rabota/telezhechnik-v-supermarket-aimer-IDqJmDf.html,olx.kz,,
Требуется сторож (мужчина или женщина) в г.Сатпаев,,0,,0,Сатпаев,https://www.olx.kz/obyavlenie/rabota/trebuetsya-storozh-muzhchina-ili-zhenschina-v-g-satpaev-IDjFpTN.html,olx.kz,,
Требуется санитарка в стоматологию,,0,,0,Павлодар,https://www.olx.kz/obyavlenie/rabota/trebuetsya-sanitarka-v-stomatologiyu-IDqJM0E.html,olx.kz,,
Требуется толковый грузчик в магазин. Можно с другого города.,,0,,0,Сатпаев,https://www.olx.kz/obyavlenie/rabota/trebuetsya-tolkovyy-gruzchik-v-magazin-mozhno-s-drugogo-goroda-IDnTx4h.html,olx.kz,,
Требуется в фаст фуд,,0,,0,Болтирик шешен,https://www.olx.kz/obyavlenie/rabota/trebuetsya-v-fast-fud-IDqMsGe.html,olx.kz,,
"Курьер по доставке цветов 2/2,1/1",,0,,0,"Астана, Нура",https://www.olx.kz/obyavlenie/rabota/kurer-po-dostavke-tsvetov-2-2-1-1-IDqMtKR.html,olx.kz,,
Требуются рабочие для производство,,0,,0,Семей,https://www.olx.kz/obyavlenie/rabota/trebuyutsya-rabochie-dlya-proizvodstvo-IDpS7Jg.html,olx.kz,,
Требуется уборщица,,0,,0,"Караганда, Казыбекбийский район",https://www.olx.kz/obyavlenie/rabota/trebuetsya-uborschitsa-IDi2jk5.html,olx.kz,,
Требуются слесари металлоконструкций,,0,,0,"Тараз, 10-мкр. Аса",https://www.olx.kz/list/user/4fOyy/,olx.kz,,
Работа Грузчик на Склад,,0,,0,"Алматы, Алатауский район",https://www.olx.kz/list/user/1m6f5U/,olx.kz,,
Управляющий/мастер шиномонтажа,,0,,0,Костанай,https://www.olx.kz/obyavlenie/rabota/upravlyayuschiy-master-shinomontazha-IDpGdPT.html,olx.kz,,
"Требуются сварщики на полуавтомат, высш.разряд",,0,,0,"Тараз, 1-мкр. Акбулак",https://www.olx.kz/list/user/4fOyy/,olx.kz,,
Требуются АВТО-Курьеры Доход до 800 тысяч тг в месяц!,,0,,0,"Астана, Есильский район",https://www.olx.kz/obyavlenie/rabota/trebuyutsya-avto-kurery-dohod-do-800-tysyach-tg-v-mesyats-IDqzt0g.html,olx.kz,,
"Разнорабочий, работа, жұмысшы қажет",,0,,0,Сайрам,https://www.olx.kz/obyavlenie/rabota/raznorabochiy-rabota-zhmysshy-azhet-IDqBhGP.html,olx.kz,,
Курьер болып жұмыс. Просрочкасы барларға да болады.,,0,,0,"Шымкент, Аль-Фарабийский район",https://www.olx.kz/obyavlenie/rabota/kurer-bolyp-zhmys-prosrochkasy-barlara-da-bolady-IDqzt35.html,olx.kz,,
Требуется помповар,,0,,0,"Актобе, микрорайон 11",https://www.olx.kz/obyavlenie/rabota/trebuetsya-pompovar-IDq95Ja.html,olx.kz,,
Ищем курьеров на доставку еды из ресторанов,,0,,0,Костанай,https://www.olx.kz/obyavlenie/rabota/ischem-kurerov-na-dostavku-edy-iz-restoranov-IDqEjws.html,olx.kz,,
Требуется горничная в Банный комплекс,,0,,0,"Астана, Алматинский район",https://www.olx.kz/obyavlenie/rabota/trebuetsya-gornichnaya-v-bannyy-kompleks-IDq2dbB.html,olx.kz,,
Требуются водители на бетоновоз (миксер),,0,,0,Темиртау,https://www.olx.kz/obyavlenie/rabota/trebuyutsya-voditeli-na-betonovoz-mikser-IDqJt34.html,olx.kz,,
Требуется пекарь,,0,,0,"Кокшетау, Первая аптека",https://www.olx.kz/rabota/https://hrdiscovery-borovoe.olx.kz/home/,olx.kz,,
Повар в столовую,,0,,0,Костанай,https://www.olx.kz/obyavlenie/rabota/povar-v-stolovuyu-IDqLzoO.html,olx.kz,,
Требуются: Сварщики на полуавтомат,,0,,0,"Шымкент, Каратауский район",https://www.olx.kz/obyavlenie/rabota/trebuyutsya-svarschiki-na-poluavtomat-IDqkAtp.html,olx.kz,,
"Ищем курьеров, высокий доход",,0,,0,"Караганда, Казыбекбийский район",https://www.olx.kz/obyavlenie/rabota/ischem-kurerov-vysokiy-dohod-IDqEjzK.html,olx.kz,,
Ищем курьеров. Высокий доход,,0,,0,Актау,https://www.olx.kz/obyavlenie/rabota/ischem-kurerov-vysokiy-dohod-IDqEjBn.html,olx.kz,,
Требуется администратор в сауну 5 Элемент,,0,,0,Костанай,https://www.olx.kz/obyavlenie/rabota/trebuetsya-administrator-v-saunu-5-element-IDpcXPx.html,olx.kz,,
Разнорабочие в цех металлоконструкций,,0,,0,"Шымкент, Каратауский район",https://www.olx.kz/list/user/4fOyy/,olx.kz,,
"электро-сварщик,",,0,,0,"Алматы, Бостандыкский район",https://www.olx.kz/obyavlenie/rabota/elektro-svarschik-IDowF8t.html,olx.kz,,
Требуется водитель на Камаз длинномер!,,0,,0,"Астана, Алматинский район",https://www.olx.kz/obyavlenie/rabota/trebuetsya-voditel-na-kamaz-dlinnomer-IDqr2SS.html,olx.kz,,
"Сварщик, требуется сварщик",,0,,0,"Шымкент, Аль-Фарабийский район",https://www.olx.kz/obyavlenie/rabota/svarschik-trebuetsya-svarschik-IDqBhEJ.html,olx.kz,,
Требуются: Монтажники металлоконструкций,,0,,0,"Шымкент, Каратауский район",https://www.olx.kz/list/user/4fOyy/,olx.kz,,
Бухгалтер-оператор,,0,,0,"Астана, Есильский район",https://www.olx.kz/obyavlenie/rabota/buhgalter-operator-IDq2euy.html,olx.kz,,
Требуется менеджер по продажам со знанием казахского языка,,0,,0,Шахтинск,https://www.olx.kz/obyavlenie/rabota/trebuetsya-menedzher-po-prodazham-so-znaniem-kazahskogo-yazyka-IDqDjTg.html,olx.kz,,
Ищем водителя-экспедитора категории ВС,,0,,0,Павлодар,https://www.olx.kz/obyavlenie/rabota/ischem-voditelya-ekspeditora-kategorii-vs-IDq2tNA.html,olx.kz,,
Разнорабочие требуются. Садчиктер. Выставщиктер қажет. Обьем. Сдельная,,0,,0,Кызылорда,https://www.olx.kz/obyavlenie/rabota/raznorabochie-trebuyutsya-sadchikter-vystavschikter-azhet-obem-sdelnaya-IDq0Smq.html,olx.kz,,
Управляющий/мастер шиномонтажа,,0,,0,Костанай,https://www.olx.kz/obyavlenie/rabota/upravlyayuschiy-master-shinomontazha-IDpGdPT.html,olx.kz,,
"Требуются сварщики на полуавтомат, высш.разряд",,0,,0,"Тараз, 1-мкр. Акбулак",https://www.olx.kz/list/user/4fOyy/,olx.kz,,
Требуются АВТО-Курьеры Доход до 800 тысяч тг в месяц!,,0,,0,"Астана, Есильский район",https://www.olx.kz/obyavlenie/rabota/trebuyutsya-avto-kurery-dohod-do-800-tysyach-tg-v-mesyats-IDqzt0g.html,olx.kz,,
"Разнорабочий, работа, жұмысшы қажет",,0,,0,Сайрам,https://www.olx.kz/obyavlenie/rabota/raznorabochiy-rabota-zhmysshy-azhet-IDqBhGP.html,olx.kz,,
Курьер болып жұмыс. Просрочкасы барларға да болады.,,0,,0,"Шымкент, Аль-Фарабийский район",https://www.olx.kz/obyavlenie/rabota/kurer-bolyp-zhmys-prosrochkasy-barlara-da-bolady-IDqzt35.html,olx.kz,,
Требуется помповар,,0,,0,"Актобе, микрорайон 11",https://www.olx.kz/obyavlenie/rabota/trebuetsya-pompovar-IDq95Ja.html,olx.kz,,
Ищем курьеров на доставку еды из ресторанов,,0,,0,Костанай,https://www.olx.kz/obyavlenie/rabota/ischem-kurerov-na-dostavku-edy-iz-restoranov-IDqEjws.html,olx.kz,,
Требуется горничная в Банный комплекс,,0,,0,"Астана, Алматинский район",https://www.olx.kz/obyavlenie/rabota/trebuetsya-gornichnaya-v-bannyy-kompleks-IDq2dbB.html,olx.kz,,
Требуются: Сварщики на полуавтомат,,0,,0,"Шымкент, Каратауский район",https://www.olx.kz/obyavlenie/rabota/trebuyutsya-svarschiki-na-poluavtomat-IDqkAtp.html,olx.kz,,
"Ищем курьеров, высокий доход",,0,,0,"Караганда, Казыбекбийский район",https://www.olx.kz/obyavlenie/rabota/ischem-kurerov-vysokiy-dohod-IDqEjzK.html,olx.kz,,
"Кассир на АЗС QazaqOil/КазМунайГаз, Караганда",,0,,0,"Караганда, Казыбекбийский район",https://www.olx.kz/list/user/jZf0i/,olx.kz,,
Требуется преподаватель в АВТОШКОЛУ,,0,,0,"Алматы, Алмалинский район",https://www.olx.kz/obyavlenie/rabota/trebuetsya-prepodavatel-v-avtoshkolu-IDqLB5b.html,olx.kz,,
Работа для студентов и школьников,,0,,0,"Актау, 1",https://www.olx.kz/obyavlenie/rabota/rabota-dlya-studentov-i-shkolnikov-IDqEI43.html,olx.kz,,
Ищем курьеров. Высокий доход,,0,,0,Актау,https://www.olx.kz/obyavlenie/rabota/ischem-kurerov-vysokiy-dohod-IDqEjBn.html,olx.kz,,
Требуется администратор в сауну 5 Элемент,,0,,0,Костанай,https://www.olx.kz/obyavlenie/rabota/trebuetsya-administrator-v-saunu-5-element-IDpcXPx.html,olx.kz,,
Разнорабочие в цех металлоконструкций,,0,,0,"Шымкент, Каратауский район",https://www.olx.kz/list/user/4fOyy/,olx.kz,,
"электро-сварщик,",,0,,0,"Алматы, Бостандыкский район",https://www.olx.kz/obyavlenie/rabota/elektro-svarschik-IDowF8t.html,olx.kz,,
Требуется водитель на Камаз длинномер!,,0,,0,"Астана, Алматинский район",https://www.olx.kz/obyavlenie/rabota/trebuetsya-voditel-na-kamaz-dlinnomer-IDqr2SS.html,olx.kz,,
"Сварщик, требуется сварщик",,0,,0,"Шымкент, Аль-Фарабийский район",https://www.olx.kz/obyavlenie/rabota/svarschik-trebuetsya-svarschik-IDqBhEJ.html,olx.kz,,
Требуются: Монтажники металлоконструкций,,0,,0,"Шымкент, Каратауский район",https://www.olx.kz/list/user/4fOyy/,olx.kz,,
Бухгалтер-оператор,,0,,0,"Астана, Есильский район",https://www.olx.kz/obyavlenie/rabota/buhgalter-operator-IDq2euy.html,olx.kz,,
Требуются сантехники,,0,,0,"Актобе, Батыс 2",https://www.olx.kz/obyavlenie/rabota/trebuyutsya-santehniki-IDqLnRn.html,olx.kz,,
Требуется охраник,,0,,0,"Алматы, Бостандыкский район",https://www.olx.kz/obyavlenie/rabota/trebuetsya-ohranik-IDq8Suf.html,olx.kz,,
требуется водитель на Миксер,,0,,0,Затобольск,https://www.olx.kz/obyavlenie/rabota/trebuetsya-voditel-na-mikser-IDqDbIg.html,olx.kz,,
Требуется грузчик на производство. Работа в РОССИИ,,0,,0,Костанай,https://www.olx.kz/obyavlenie/rabota/trebuetsya-gruzchik-na-proizvodstvo-rabota-v-rossii-IDqM7hg.html,olx.kz,,
Кухонные рабочие,,0,,0,"Астана, Байконурский",https://www.olx.kz/obyavlenie/rabota/kuhonnye-rabochie-IDqJwYm.html,olx.kz,,
Требуется оператор заправщик,,0,,0,Байтерек,https://www.olx.kz/obyavlenie/rabota/trebuetsya-operator-zapravschik-IDqMsBq.html,olx.kz,,
Требуется сборщик мебели,,0,,0,"Актобе, Батыс 2",https://www.olx.kz/obyavlenie/rabota/trebuetsya-sborschik-mebeli-IDqLnQp.html,olx.kz,,
Требуется администратор,,0,,0,"Кокшетау, Первая аптека",https://www.olx.kz/obyavlenie/rabota/trebuetsya-administrator-IDqMszm.html,olx.kz,,
"Яндекс Про, требуются водители с авто, Доход 25-60 тысяч в день",,0,,0,"Астана, Нура",https://www.olx.kz/rabota/https://yandextaxiastanapark.olx.kz/home/,olx.kz,,
Требуется водитель экспедитор по доставке 19 л воды,,0,,0,"Астана, Нура",https://www.olx.kz/obyavlenie/rabota/trebuetsya-voditel-ekspeditor-po-dostavke-19-l-vody-IDqMsyA.html,olx.kz,,
Работа .Требуются автомойщики,,0,,0,Семей,https://www.olx.kz/obyavlenie/rabota/rabota-trebuyutsya-avtomoyschiki-IDqKdWp.html,olx.kz,,
Требуется в ТРЦ Спутник ведущий игр,,0,,0,"Алматы, Ауэзовский район",https://www.olx.kz/obyavlenie/rabota/trebuetsya-v-trts-sputnik-veduschiy-igr-IDqMsys.html,olx.kz,,
Требуется водитель На Камаз Хова Шахман категорий ВС,,0,,0,Семей,https://www.olx.kz/obyavlenie/rabota/trebuetsya-voditel-na-kamaz-hova-shahman-kategoriy-vs-IDqpkmY.html,olx.kz,,
Требуются сантехники,,0,,0,"Атырау, Сары Арка",https://www.olx.kz/obyavlenie/rabota/trebuyutsya-santehniki-IDqLnOX.html,olx.kz,,
Управляющий в магазин сотовых аксессуаров / администратор,,0,,0,"Алматы, Алмалинский район",https://www.olx.kz/obyavlenie/rabota/upravlyayuschiy-v-magazin-sotovyh-aksessuarov-administrator-IDnuKdz.html,olx.kz,,
Требуется администратор,,0,,0,"Усть-Каменогорск, 45-я аптека",https://www.olx.kz/obyavlenie/rabota/trebuetsya-administrator-IDqfL3g.html,olx.kz,,
Водитель на фуру,,0,,0,Семей,https://www.olx.kz/obyavlenie/rabota/voditel-na-furu-IDpUBhb.html,olx.kz,,
Срочно! Нужны грузчики!,,0,,0,"Алматы, Алатауский район",https://www.olx.kz/obyavlenie/rabota/srochno-nuzhny-gruzchiki-IDqL0TM.html,olx.kz,,
Требуется охрана,,0,,0,"Астана, Алматинский район",https://www.olx.kz/obyavlenie/rabota/trebuetsya-ohrana-IDpxPMd.html,olx.kz,,
"Требуется бухгалтер, ведение ИП!",,0,,0,Петропавловск,https://www.olx.kz/obyavlenie/rabota/trebuetsya-buhgalter-vedenie-ip-IDo0FIY.html,olx.kz,,
Требуется кассир в строительный магазин,,0,,0,"Актобе, Старый город",https://www.olx.kz/obyavlenie/rabota/trebuetsya-kassir-v-stroitelnyy-magazin-IDqL6eM.html,olx.kz,,
Требуются монтажники металлоконструкций,,0,,0,Туркестан,https://www.olx.kz/list/user/4fOyy/,olx.kz,,
Требуются водители на Shacman,,0,,0,"Астана, Байконурский",https://www.olx.kz/obyavlenie/rabota/trebuyutsya-voditeli-na-shacman-IDqDX5O.html,olx.kz,,
Торговый представитель от 200 000 тг и выше,,0,,0,"Астана, Алматинский район",https://www.olx.kz/obyavlenie/rabota/torgovyy-predstavitel-ot-200-000-tg-i-vyshe-IDqIoQS.html,olx.kz,,
Яндекс курьер работа | Яндекс доставка | Бонус для курьеров 15 000 тг,,0,,0,"Караганда, Казыбекбийский район",https://www.olx.kz/obyavlenie/rabota/yandeks-kurer-rabota-yandeks-dostavka-bonus-dlya-kurerov-15-000-tg-IDqAvqK.html,olx.kz,,
Требуются фармацевты,,0,,0,Семей,https://www.olx.kz/obyavlenie/rabota/trebuyutsya-farmatsevty-IDpGbYm.html,olx.kz,,
Требуется опытный пиццер,,0,,0,"Астана, Есильский район",https://www.olx.kz/obyavlenie/rabota/trebuetsya-opytnyy-pitstser-IDq1VrO.html,olx.kz,,
Требуется разнорабочий,,0,,0,Муратбаев,https://www.olx.kz/obyavlenie/rabota/trebuetsya-raznorabochiy-IDpKIKK.html,olx.kz,,
В цех требуются водитель с опытом в торговле,,0,,0,"Усть-Каменогорск, 45-я аптека",https://www.olx.kz/obyavlenie/rabota/v-tseh-trebuyutsya-voditel-s-opytom-v-torgovle-IDpYOwO.html,olx.kz,,
Требуется разнарабочие на стройку,,0,,0,"Тараз, 1-мкр. Акбулак",https://www.olx.kz/obyavlenie/rabota/trebuetsya-raznarabochie-na-stroyku-IDmrPyo.html,olx.kz,,
"Универсал парикмахер,женский,мужской в салон красоты нужен",,0,,0,"Астана, Сарыаркинский район",https://www.olx.kz/obyavlenie/rabota/universal-parikmaher-zhenskiy-muzhskoy-v-salon-krasoty-nuzhen-IDoVbuG.html,olx.kz,,
Требуются операторы на строительную технику,,0,,0,"Алматы, Турксибский район",https://www.olx.kz/obyavlenie/rabota/trebuyutsya-operatory-na-stroitelnuyu-tehniku-IDqpzN6.html,olx.kz,,
Требуется водитель на новый грузовой трал!,,0,,0,Петропавловск,https://www.olx.kz/obyavlenie/rabota/trebuetsya-voditel-na-novyy-gruzovoy-tral-IDqvfCm.html,olx.kz,,
Таксопарк Яндекс | Яндекс такси для водителей | Подключение водителей,,0,,0,Экибастуз,https://www.olx.kz/obyavlenie/rabota/taksopark-yandeks-yandeks-taksi-dlya-voditeley-podklyuchenie-voditeley-IDqyFtj.html,olx.kz,,
рабочий склада г.Атырау,,0,,0,"Атырау, Азаттык",https://www.olx.kz/obyavlenie/rabota/rabochiy-sklada-g-atyrau-IDqLxCY.html,olx.kz,,
Таксопарк Яндекс | Яндекс такси для водителей | Подключение водителей,,0,,0,Темиртау,https://www.olx.kz/obyavlenie/rabota/taksopark-yandeks-yandeks-taksi-dlya-voditeley-podklyuchenie-voditeley-IDqyFsx.html,olx.kz,,
Требуется шиномонтажники,,0,,0,"Актобе, микрорайон 11",https://www.olx.kz/obyavlenie/rabota/trebuetsya-shinomontazhniki-IDqLRtF.html,olx.kz,,
Требуется опытный водитель на Шакман,,0,,0,"Алматы, Бостандыкский район",https://www.olx.kz/obyavlenie/rabota/trebuetsya-opytnyy-voditel-na-shakman-IDqLRuN.html,olx.kz,,
Таксопарк Яндекс | Яндекс такси для водителей | Подключение водителей,,0,,0,Туркестан,https://www.olx.kz/obyavlenie/rabota/taksopark-yandeks-yandeks-taksi-dlya-voditeley-podklyuchenie-voditeley-IDqyFrQ.html,olx.kz,,
Требуются разнорабочие,,0,,0,Петропавловск,https://www.olx.kz/obyavlenie/rabota/trebuyutsya-raznorabochie-IDqm9De.html,olx.kz,,
Таксопарк Яндекс | Яндекс такси для водителей | Подключение водителей,,0,,0,Актау,https://www.olx.kz/obyavlenie/rabota/taksopark-yandeks-yandeks-taksi-dlya-voditeley-podklyuchenie-voditeley-IDqyFoY.html,olx.kz,,
Требуется уборщица в баню,,0,,0,Щучинск,https://www.olx.kz/obyavlenie/rabota/trebuetsya-uborschitsa-v-banyu-IDqE3zC.html,olx.kz,,
Требуются люди на масло завод,,0,,0,Павлодар,https://www.olx.kz/obyavlenie/rabota/trebuyutsya-lyudi-na-maslo-zavod-IDqLvF1.html,olx.kz,,
Чертежник AutoCad,,0,,0,"Алматы, Ауэзовский район",https://www.olx.kz/obyavlenie/rabota/chertezhnik-autocad-IDqHbXR.html,olx.kz,,
"Работа, Лемана про/Россия",,0,,0,"Астана, Алматинский район",https://www.olx.kz/obyavlenie/rabota/rabota-lemana-pro-rossiya-IDqGrrI.html,olx.kz,,
Требуются водители с категорией Е,,0,,0,"Алматы, Жетысуский район",https://www.olx.kz/obyavlenie/rabota/trebuyutsya-voditeli-s-kategoriey-e-IDnXItL.html,olx.kz,,
Работа Лемана про Россия,,0,,0,Костанай,https://www.olx.kz/obyavlenie/rabota/rabota-lemana-pro-rossiya-IDqGrCa.html,olx.kz,,
Вахта Лемана про Россия,,0,,0,"Кокшетау, Первая аптека",https://www.olx.kz/obyavlenie/rabota/vahta-lemana-pro-rossiya-IDqGrE9.html,olx.kz,,
Таксопарк Яндекс | Яндекс такси для водителей | Подключение водителей,,0,,0,"Кокшетау, Проспект Абылай хана",https://www.olx.kz/obyavlenie/rabota/taksopark-yandeks-yandeks-taksi-dlya-voditeley-podklyuchenie-voditeley-IDqyFnZ.html,olx.kz,,
Требуються сотрудники в строительную фирму,,0,,0,Темиртау,https://www.olx.kz/obyavlenie/rabota/trebuyutsya-sotrudniki-v-stroitelnuyu-firmu-IDqLxAg.html,olx.kz,,
Таксопарк Яндекс | Яндекс такси для водителей | Подключение водителей,,0,,0,Костанай,https://www.olx.kz/obyavlenie/rabota/taksopark-yandeks-yandeks-taksi-dlya-voditeley-podklyuchenie-voditeley-IDqyFmV.html,olx.kz,,
Требуются разнорабочие на стройку,,0,,0,Экибастуз,https://www.olx.kz/obyavlenie/rabota/trebuyutsya-raznorabochie-na-stroyku-IDpaGcV.html,olx.kz,,
Таксопарк Яндекс | Яндекс такси для водителей | Подключение водителей,,0,,0,Петропавловск,https://www.olx.kz/obyavlenie/rabota/taksopark-yandeks-yandeks-taksi-dlya-voditeley-podklyuchenie-voditeley-IDqyFmd.html,olx.kz,,
Қойшы керек Түркістан / Пастух / Койшы / Малшы,,0,,0,Туркестан,https://www.olx.kz/obyavlenie/rabota/oyshy-kerek-trkstan-pastuh-koyshy-malshy-IDqLanr.html,olx.kz,,
Администратор в офис Обязанности: встреча и консул,,0,,0,"Алматы, Медеуский район",https://www.olx.kz/obyavlenie/rabota/administrator-v-ofisobyazannosti-vstrecha-i-konsul-IDqJqgu.html,olx.kz,,
Требуется водитель на фуру 1993г. и 1998г. механика Вольво,,0,,0,"Шымкент, Енбекшинский район",https://www.olx.kz/obyavlenie/rabota/trebuetsya-voditel-na-furu-1993g-i-1998g-mehanika-volvo-IDq2hWI.html,olx.kz,,
Вахта в России — требуются разнорабочие мужчины и женщины,,0,,0,Павлодар,https://goforjob.olx.kz/home/,olx.kz,,
Требуются разнорабочие,,0,,0,Экибастуз,https://www.olx.kz/obyavlenie/rabota/trebuyutsya-raznorabochie-IDqM24N.html,olx.kz,,
Таксопарк Яндекс | Яндекс такси для водителей | Подключение водителей,,0,,0,Кызылорда,https://www.olx.kz/obyavlenie/rabota/taksopark-yandeks-yandeks-taksi-dlya-voditeley-podklyuchenie-voditeley-IDqyFld.html,olx.kz,,
Требуются продавцы-консультанты в сеть супермаркетов,,0,,0,"Алматы, Наурызбайский район",https://www.olx.kz/obyavlenie/rabota/trebuyutsya-prodavtsy-konsultanty-v-set-supermarketov-IDqzlXv.html,olx.kz,,
"Сборщик мебели, монтажник",,0,,0,"Алматы, Алатауский район",https://www.olx.kz/obyavlenie/rabota/sborschik-mebeli-montazhnik-IDn9Ex2.html,olx.kz,,
"Принимаем водителей, курьеров в Яндекс такси с личным авто, мопедом",,0,,0,Павлодар,https://www.olx.kz/list/user/1ddzoi/,olx.kz,,
"Принимаем водителей, курьеров в Яндекс такси с личным авто, мопедом",,0,,0,"Астана, Есильский район",https://www.olx.kz/list/user/1ddzoi/,olx.kz,,
"Регистрируем водителей, курьеров в Яндекс такси с личным авто, мопедом",,0,,0,"Атырау, Азаттык",https://www.olx.kz/list/user/1ddzoi/,olx.kz,,
"Принимаем водителей и курьеров в Яндекс такси с личным авто, скутер",,0,,0,"Актобе, Школа 21, школа 27",https://www.olx.kz/list/user/1ddzoi/,olx.kz,,
"Принимаем водителей, курьеров в Яндекс такси с личным авто, мопедом",,0,,0,"Тараз, 11-мкр. Жансая",https://www.olx.kz/list/user/1ddzoi/,olx.kz,,
Таксопарк Яндекс | Яндекс такси для водителей | Подключение водителей,,0,,0,"Атырау, Нурсая (Болашак)",https://www.olx.kz/obyavlenie/rabota/taksopark-yandeks-yandeks-taksi-dlya-voditeley-podklyuchenie-voditeley-IDqyF4s.html,olx.kz,,
Требуется домработница с проживанием на рабочем месте,,0,,0,"Шымкент, Аль-Фарабийский район",https://www.olx.kz/obyavlenie/rabota/trebuetsya-domrabotnitsa-s-prozhivaniem-na-rabochem-meste-IDqII82.html,olx.kz,,
Работа Курьером /Подработка. Требуются Курьеры,,0,,0,"Алматы, Алмалинский район",https://www.olx.kz/obyavlenie/rabota/rabota-kurerom-podrabotka-trebuyutsya-kurery-IDqyM5i.html,olx.kz,,
"Принимаем в Яндекс такси водителей, курьеров на личном авто, скутере",,0,,0,"Тараз, 13-мкр. Байтерек",https://dalataxi.olx.kz/home/,olx.kz,,
"Вахта в России, пищевое производство!",,0,,0,Петропавловск,https://www.olx.kz/obyavlenie/rabota/vahta-v-rossii-pischevoe-proizvodstvo-IDqFcgO.html,olx.kz,,
Работа в детском саду. Педагоги. Специалисты. Персонал.,,0,,0,Петропавловск,https://www.olx.kz/obyavlenie/rabota/rabota-v-detskom-sadu-pedagogi-spetsialisty-personal-IDqiA8S.html,olx.kz,,
Таксопарк Яндекс | Яндекс такси для водителей | Подключение водителей,,0,,0,"Уральск, Микрорайон 5",https://www.olx.kz/obyavlenie/rabota/taksopark-yandeks-yandeks-taksi-dlya-voditeley-podklyuchenie-voditeley-IDqyF23.html,olx.kz,,
"Работа в России, пищевое производство!",,0,,0,"Актобе, Юго-Запад 1",https://www.olx.kz/obyavlenie/rabota/rabota-v-rossii-pischevoe-proizvodstvo-IDqFciA.html,olx.kz,,
Таксопарк Яндекс | Яндекс такси для водителей | Подключение водителей,,0,,0,"Усть-Каменогорск, Бульвар Гагарина",https://www.olx.kz/obyavlenie/rabota/taksopark-yandeks-yandeks-taksi-dlya-voditeley-podklyuchenie-voditeley-IDqyEZU.html,olx.kz,,
Требуется продавец консультант,,0,,0,Петропавловск,https://www.olx.kz/list/user/1lMKjW/,olx.kz,,
Требуется Экскаваторщик на колесный экскаватор Экскаватор-погрузчик3/1,,0,,0,"Алматы, Турксибский район",https://www.olx.kz/obyavlenie/rabota/trebuetsya-ekskavatorschik-na-kolesnyy-ekskavator-ekskavator-pogruzchik3-1-IDqHQWC.html,olx.kz,,
Требуется замерщик пласиковых окон,,0,,0,Темиртау,https://www.olx.kz/obyavlenie/rabota/trebuetsya-zamerschik-plasikovyh-okon-IDqJuOv.html,olx.kz,,
Требуются Грузчики,,0,,0,"Астана, Алматинский район",https://www.olx.kz/obyavlenie/rabota/trebuyutsya-gruzchiki-IDqLRpT.html,olx.kz,,
Помощник пекаря в цех,,0,,0,"Астана, Есильский район",https://www.olx.kz/obyavlenie/rabota/pomoschnik-pekarya-v-tseh-IDqLRrX.html,olx.kz,,
Требуются Дворники,,0,,0,"Астана, Байконурский",https://www.olx.kz/obyavlenie/rabota/trebuyutsya-dvorniki-IDqMakF.html,olx.kz,,
Требуется штукатур-маляр,,0,,0,"Караганда, Казыбекбийский район",https://www.olx.kz/obyavlenie/rabota/trebuetsya-shtukatur-malyar-IDqcoR5.html,olx.kz,,
Требуется мастер оператор фрезерного станка мультикам,,0,,0,"Алматы, Бостандыкский район",https://www.olx.kz/obyavlenie/rabota/trebuetsya-master-operator-frezernogo-stanka-multikam-IDq67yW.html,olx.kz,,
Требуются водители с категорией Е,,0,,0,"Алматы, Жетысуский район",https://www.olx.kz/obyavlenie/rabota/trebuyutsya-voditeli-s-kategoriey-e-IDnXItL.html,olx.kz,,
Работа Лемана про Россия,,0,,0,Костанай,https://www.olx.kz/obyavlenie/rabota/rabota-lemana-pro-rossiya-IDqGrCa.html,olx.kz,,
Вахта Лемана про Россия,,0,,0,"Кокшетау, Первая аптека",https://www.olx.kz/obyavlenie/rabota/vahta-lemana-pro-rossiya-IDqGrE9.html,olx.kz,,
Таксопарк Яндекс | Яндекс такси для водителей | Подключение водителей,,0,,0,"Кокшетау, Проспект Абылай хана",https://www.olx.kz/obyavlenie/rabota/taksopark-yandeks-yandeks-taksi-dlya-voditeley-podklyuchenie-voditeley-IDqyFnZ.html,olx.kz,,
Требуються сотрудники в строительную фирму,,0,,0,Темиртау,https://www.olx.kz/obyavlenie/rabota/trebuyutsya-sotrudniki-v-stroitelnuyu-firmu-IDqLxAg.html,olx.kz,,
Таксопарк Яндекс | Яндекс такси для водителей | Подключение водителей,,0,,0,Костанай,https://www.olx.kz/obyavlenie/rabota/taksopark-yandeks-yandeks-taksi-dlya-voditeley-podklyuchenie-voditeley-IDqyFmV.html,olx.kz,,
Требуются разнорабочие на стройку,,0,,0,Экибастуз,https://www.olx.kz/obyavlenie/rabota/trebuyutsya-raznorabochie-na-stroyku-IDpaGcV.html,olx.kz,,
Таксопарк Яндекс | Яндекс такси для водителей | Подключение водителей,,0,,0,Петропавловск,https://www.olx.kz/obyavlenie/rabota/taksopark-yandeks-yandeks-taksi-dlya-voditeley-podklyuchenie-voditeley-IDqyFmd.html,olx.kz,,
Қойшы керек Түркістан / Пастух / Койшы / Малшы,,0,,0,Туркестан,https://www.olx.kz/obyavlenie/rabota/oyshy-kerek-trkstan-pastuh-koyshy-malshy-IDqLanr.html,olx.kz,,
Требуются разнорабочие,,0,,0,Экибастуз,https://www.olx.kz/obyavlenie/rabota/trebuyutsya-raznorabochie-IDqM24N.html,olx.kz,,
Требуется опытный водитель на Шакман,,0,,0,"Алматы, Бостандыкский район",https://www.olx.kz/obyavlenie/rabota/trebuetsya-opytnyy-voditel-na-shakman-IDqLRuN.html,olx.kz,,
Требуется автомойщик,,0,,0,Сарыкамыс,https://www.olx.kz/obyavlenie/rabota/trebuetsya-avtomoyschik-IDqHRiz.html,olx.kz,,
Свободный Тороговый предстовитель,,0,,0,"Уральск, Микрорайон 6 (Конаева)",https://www.olx.kz/obyavlenie/rabota/svobodnyy-torogovyy-predstovitel-IDqMbcm.html,olx.kz,,
Таксопарк Яндекс | Яндекс такси для водителей | Подключение водителей,,0,,0,Кызылорда,https://www.olx.kz/obyavlenie/rabota/taksopark-yandeks-yandeks-taksi-dlya-voditeley-podklyuchenie-voditeley-IDqyFld.html,olx.kz,,
Требуются продавцы-консультанты в сеть супермаркетов,,0,,0,"Алматы, Наурызбайский район",https://www.olx.kz/obyavlenie/rabota/trebuyutsya-prodavtsy-konsultanty-v-set-supermarketov-IDqzlXv.html,olx.kz,,
"Сборщик мебели, монтажник",,0,,0,"Алматы, Алатауский район",https://www.olx.kz/obyavlenie/rabota/sborschik-mebeli-montazhnik-IDn9Ex2.html,olx.kz,,
"Принимаем водителей, курьеров в Яндекс такси с личным авто, мопедом",,0,,0,Павлодар,https://www.olx.kz/list/user/1ddzoi/,olx.kz,,
"Принимаем водителей, курьеров в Яндекс такси с личным авто, мопедом",,0,,0,"Астана, Есильский район",https://www.olx.kz/list/user/1ddzoi/,olx.kz,,
"Регистрируем водителей, курьеров в Яндекс такси с личным авто, мопедом",,0,,0,"Атырау, Азаттык",https://www.olx.kz/list/user/1ddzoi/,olx.kz,,
"Принимаем водителей и курьеров в Яндекс такси с личным авто, скутер",,0,,0,"Актобе, Школа 21, школа 27",https://www.olx.kz/list/user/1ddzoi/,olx.kz,,
"Принимаем водителей, курьеров в Яндекс такси с личным авто, мопедом",,0,,0,"Тараз, 11-мкр. Жансая",https://www.olx.kz/list/user/1ddzoi/,olx.kz,,
Таксопарк Яндекс | Яндекс такси для водителей | Подключение водителей,,0,,0,"Атырау, Нурсая (Болашак)",https://www.olx.kz/obyavlenie/rabota/taksopark-yandeks-yandeks-taksi-dlya-voditeley-podklyuchenie-voditeley-IDqyF4s.html,olx.kz,,
"Вахта в России, пищевое производство!",,0,,0,Петропавловск,https://www.olx.kz/obyavlenie/rabota/vahta-v-rossii-pischevoe-proizvodstvo-IDqFcgO.html,olx.kz,,
Требуется сборщик грибов,,0,,0,Петропавловск,https://www.olx.kz/obyavlenie/rabota/trebuetsya-sborschik-gribov-IDqInXS.html,olx.kz,,
Требуется грузчик (з/п от 170.000 тг. График 2 через 2),,0,,0,Темиртау,https://www.olx.kz/obyavlenie/rabota/trebuetsya-gruzchik-z-p-ot-170-000-tg-grafik-2-cherez-2-IDmXYGF.html,olx.kz,,
Требуются разнорабочие на птицефабрику,,0,,0,Рудный,https://www.olx.kz/obyavlenie/rabota/trebuyutsya-raznorabochie-na-ptitsefabriku-IDqLzMB.html,olx.kz,,
Работа в детском саду. Педагоги. Специалисты. Персонал.,,0,,0,Петропавловск,https://www.olx.kz/obyavlenie/rabota/rabota-v-detskom-sadu-pedagogi-spetsialisty-personal-IDqiA8S.html,olx.kz,,
Таксопарк Яндекс | Яндекс такси для водителей | Подключение водителей,,0,,0,"Уральск, Микрорайон 5",https://www.olx.kz/obyavlenie/rabota/taksopark-yandeks-yandeks-taksi-dlya-voditeley-podklyuchenie-voditeley-IDqyF23.html,olx.kz,,
"Работа в России, пищевое производство!",,0,,0,"Актобе, Юго-Запад 1",https://www.olx.kz/obyavlenie/rabota/rabota-v-rossii-pischevoe-proizvodstvo-IDqFciA.html,olx.kz,,
Таксопарк Яндекс | Яндекс такси для водителей | Подключение водителей,,0,,0,"Усть-Каменогорск, Бульвар Гагарина",https://www.olx.kz/obyavlenie/rabota/taksopark-yandeks-yandeks-taksi-dlya-voditeley-podklyuchenie-voditeley-IDqyEZU.html,olx.kz,,
Требуется продавец консультант,,0,,0,Петропавловск,https://www.olx.kz/list/user/1lMKjW/,olx.kz,,
Требуется Экскаваторщик на колесный экскаватор Экскаватор-погрузчик3/1,,0,,0,"Алматы, Турксибский район",https://www.olx.kz/obyavlenie/rabota/trebuetsya-ekskavatorschik-na-kolesnyy-ekskavator-ekskavator-pogruzchik3-1-IDqHQWC.html,olx.kz,,
Требуется замерщик пласиковых окон,,0,,0,Темиртау,https://www.olx.kz/obyavlenie/rabota/trebuetsya-zamerschik-plasikovyh-okon-IDqJuOv.html,olx.kz,,
Требуются Грузчики,,0,,0,"Астана, Алматинский район",https://www.olx.kz/obyavlenie/rabota/trebuyutsya-gruzchiki-IDqLRpT.html,olx.kz,,
Помощник пекаря в цех,,0,,0,"Астана, Есильский район",https://www.olx.kz/obyavlenie/rabota/pomoschnik-pekarya-v-tseh-IDqLRrX.html,olx.kz,,
Вакансия старший кассир,,0,,0,"Алматы, Наурызбайский район",https://www.olx.kz/obyavlenie/rabota/vakansiya-starshiy-kassir-IDqMsiX.html,olx.kz,,
Такси Яндекс: 35 заказов! За авто платить не нужно! ГСМ и ТО от нас!,,0,,0,Павлодар,https://www.olx.kz/obyavlenie/rabota/taksi-yandeks-35-zakazov-za-avto-platit-ne-nuzhno-gsm-i-to-ot-nas-IDq2PCm.html,olx.kz,,
Менеджер на пункт выдачи заказов в оптовую фирму,,0,,0,"Астана, Сарыаркинский район",https://www.olx.kz/obyavlenie/rabota/menedzher-na-punkt-vydachi-zakazov-v-optovuyu-firmu-IDqKMjc.html,olx.kz,,
Яндекс грузовой работа | Яндекс доставка | Бонус для грузовой,,0,,0,"Караганда, Октябрьский район",https://www.olx.kz/obyavlenie/rabota/yandeks-gruzovoy-rabota-yandeks-dostavka-bonus-dlya-gruzovoy-IDqAoOY.html,olx.kz,,
Требуются разнорабочие,,0,,0,"Алматы, Ауэзовский район",https://www.olx.kz/obyavlenie/rabota/trebuyutsya-raznorabochie-IDqJs8Z.html,olx.kz,,
Таксопарк Яндекс | Яндекс такси для водителей | Подключение водителей,,0,,0,"Талдыкорган, Микрорайон 3",https://www.olx.kz/obyavlenie/rabota/taksopark-yandeks-yandeks-taksi-dlya-voditeley-podklyuchenie-voditeley-IDqyFrl.html,olx.kz,,
Яндекс курьер работа | Яндекс доставка | Бонус для курьеров 15 000 тг,,0,,0,"Талдыкорган, Микрорайон 4",https://www.olx.kz/obyavlenie/rabota/yandeks-kurer-rabota-yandeks-dostavka-bonus-dlya-kurerov-15-000-tg-IDqAvsg.html,olx.kz,,
Требуется торговый представитель,,0,,0,"Алматы, Ауэзовский район",https://www.olx.kz/obyavlenie/rabota/trebuetsya-torgovyy-predstavitel-IDqAtLC.html,olx.kz,,
Требуется администратор-уборщица (женщина) в баню (график 1/2),,0,,0,Петропавловск,https://www.olx.kz/obyavlenie/rabota/trebuetsya-administrator-uborschitsa-zhenschina-v-banyu-grafik-1-2-IDpVJLM.html,olx.kz,,
Требуется администратор в новое кафе,,0,,0,"Астана, Есильский район",https://www.olx.kz/obyavlenie/rabota/trebuetsya-administrator-v-novoe-kafe-IDqzgum.html,olx.kz,,
Требуется сборщик мебели,,0,,0,"Астана, Байконурский",https://www.olx.kz/obyavlenie/rabota/trebuetsya-sborschik-mebeli-IDpKBaE.html,olx.kz,,
Требуется разнорабочие,,0,,0,Сайрам,https://www.olx.kz/obyavlenie/rabota/trebuetsya-raznorabochie-IDqL5X1.html,olx.kz,,
Таксопарк Яндекс | Яндекс такси для водителей | Подключение водителей,,0,,0,Семей,https://www.olx.kz/obyavlenie/rabota/taksopark-yandeks-yandeks-taksi-dlya-voditeley-podklyuchenie-voditeley-IDqyF0y.html,olx.kz,,
"Вахта в России, пищевое производство!",,0,,0,Темиртау,https://www.olx.kz/obyavlenie/rabota/vahta-v-rossii-pischevoe-proizvodstvo-IDqFdaD.html,olx.kz,,
Мерчендайзер-жүк түсіруші/Мерчендайзер-грузчик Fix Price г.Костанай,,0,,0,Костанай,https://fix-price.olx.kz/home/,olx.kz,,
Требуется автомойщик,,0,,0,Сарыкамыс,https://www.olx.kz/obyavlenie/rabota/trebuetsya-avtomoyschik-IDqHRiz.html,olx.kz,,
Требуется водитель на фуру,,0,,0,Павлодар,https://www.olx.kz/obyavlenie/rabota/trebuetsya-voditel-na-furu-IDqzBDG.html,olx.kz,,
Требуется фармацевт,,0,,0,Павлодар,https://www.olx.kz/obyavlenie/rabota/trebuetsya-farmatsevt-IDqL60k.html,olx.kz,,
Оператор колл центра,,0,,0,"Талдыкорган, Микрорайон 1",https://www.olx.kz/obyavlenie/rabota/operator-koll-tsentra-IDqMatX.html,olx.kz,,
Требуется грузчик разнорабочий,,0,,0,"Алматы, Алатауский район",https://www.olx.kz/obyavlenie/rabota/trebuetsya-gruzchik-raznorabochiy-IDpHthv.html,olx.kz,,
Требуется на работу мужчины,,0,,0,Жандосово,https://www.olx.kz/obyavlenie/rabota/trebuetsya-na-rabotu-muzhchiny-IDpTMbT.html,olx.kz,,
Требуется Аниматор на базу отдыха.,,0,,0,Кабанбай,https://www.olx.kz/obyavlenie/rabota/trebuetsya-animator-na-bazu-otdyha-IDqMski.html,olx.kz,,
"Требуется штатная техничка в районе Жагалау, Сат сити на Сыганак",,0,,0,"Астана, Нура",https://www.olx.kz/obyavlenie/rabota/trebuetsya-shtatnaya-tehnichka-v-rayone-zhagalau-sat-siti-na-syganak-IDqezRA.html,olx.kz,,
Требуется дворник в районе Нура - Жагалау,,0,,0,"Астана, Нура",https://www.olx.kz/obyavlenie/rabota/trebuetsya-dvornik-v-rayone-nura-zhagalau-IDoVxzT.html,olx.kz,,
Водитель на Еврофуру,,0,,0,Костанай,https://www.olx.kz/obyavlenie/rabota/voditel-na-evrofuru-IDqDPHK.html,olx.kz,,
Требуется горничная. Оплата сдельно - приличная.,,0,,0,Костанай,https://www.olx.kz/obyavlenie/rabota/trebuetsya-gornichnaya-oplata-sdelno-prilichnaya-IDpRSKj.html,olx.kz,,
Требуется грузчики (конкурентоспособная оплата труда),,0,,0,Петропавловск,https://www.olx.kz/obyavlenie/rabota/trebuetsya-gruzchiki-konkurentosposobnaya-oplata-truda-IDlJtPg.html,olx.kz,,
Свободный Тороговый предстовитель,,0,,0,"Уральск, Микрорайон 6 (Конаева)",https://www.olx.kz/obyavlenie/rabota/svobodnyy-torogovyy-predstovitel-IDqMbcm.html,olx.kz,,
Требуется сборщик грибов,,0,,0,Петропавловск,https://www.olx.kz/obyavlenie/rabota/trebuetsya-sborschik-gribov-IDqInXS.html,olx.kz,,
Требуется грузчик (з/п от 170.000 тг. График 2 через 2),,0,,0,Темиртау,https://www.olx.kz/obyavlenie/rabota/trebuetsya-gruzchik-z-p-ot-170-000-tg-grafik-2-cherez-2-IDmXYGF.html,olx.kz,,
Требуются строители,,0,,0,Петропавловск,https://www.olx.kz/obyavlenie/rabota/trebuyutsya-stroiteli-IDqLkng.html,olx.kz,,
требуються водители на трал маз оплата еженедельно,,0,,0,"Кокшетау, Первая аптека",https://www.olx.kz/obyavlenie/rabota/trebuyutsya-voditeli-na-tral-maz-oplata-ezhenedelno-IDpHPvI.html,olx.kz,,
Требуется дворник на Чингиза Айтматова,,0,,0,"Астана, Нура",https://www.olx.kz/obyavlenie/rabota/trebuetsya-dvornik-na-chingiza-aytmatova-IDpE6w1.html,olx.kz,,
Требуется инженер по охране труда и техники безовасности,,0,,0,"Шымкент, Аль-Фарабийский район",https://www.olx.kz/obyavlenie/rabota/trebuetsya-inzhener-po-ohrane-truda-i-tehniki-bezovasnosti-IDqGY3c.html,olx.kz,,
Требуется Крановщик на АвтоКран Новый Кйтаец 25тонн.ВС права обязатель,,0,,0,"Астана, Алматинский район",https://www.olx.kz/obyavlenie/rabota/trebuetsya-kranovschik-na-avtokran-novyy-kytaets-25tonn-vs-prava-obyazatel-IDqeGlo.html,olx.kz,,
Требуются электрики,,0,,0,"Атырау, Сары Арка",https://www.olx.kz/obyavlenie/rabota/trebuyutsya-elektriki-IDqLnxf.html,olx.kz,,
Требуется водители для работы в такси БЕЗ ЗАЛОГА,,0,,0,Нуркен,https://halykpark.olx.kz/home/,olx.kz,,
Уборщица на постоянную работу,,0,,0,Нуркен,https://www.olx.kz/obyavlenie/rabota/uborschitsa-na-postoyannuyu-rabotu-IDpUm1S.html,olx.kz,,
Требуется специалист по GPS оборудованию (автотранспорт) Автоэлектрик,,0,,0,"Атырау, Авангард",https://www.olx.kz/obyavlenie/rabota/trebuetsya-spetsialist-po-gps-oborudovaniyu-avtotransport-avtoelektrik-IDqMsfz.html,olx.kz,,
Требуется продавец консультант,,0,,0,"Астана, Есильский район",https://www.olx.kz/list/user/1lMKjW/,olx.kz,,
Требуются разнорабочие на птицефабрику,,0,,0,Рудный,https://www.olx.kz/obyavlenie/rabota/trebuyutsya-raznorabochie-na-ptitsefabriku-IDqLzMB.html,olx.kz,,
Такси Яндекс: 35 заказов! За авто платить не нужно! ГСМ и ТО от нас!,,0,,0,Павлодар,https://www.olx.kz/obyavlenie/rabota/taksi-yandeks-35-zakazov-za-avto-platit-ne-nuzhno-gsm-i-to-ot-nas-IDq2PCm.html,olx.kz,,
Помощник руководителя / специалист по документообороту,,0,,0,"Караганда, Казыбекбийский район",https://www.olx.kz/obyavlenie/rabota/pomoschnik-rukovoditelya-spetsialist-po-dokumentooborotu-IDqLwdi.html,olx.kz,,
Требуются специалисты в ремонте легкового транспорта,,0,,0,"Актау, 1",https://www.olx.kz/obyavlenie/rabota/trebuyutsya-spetsialisty-v-remonte-legkovogo-transporta-IDqMaqc.html,olx.kz,,
продавец-консультант в магазин строительных материалов.,,0,,0,"Кокшетау, Центр города",https://www.olx.kz/obyavlenie/rabota/prodavets-konsultant-v-magazin-stroitelnyh-materialov-IDqKAX1.html,olx.kz,,
Требуется мастер монтажник,,0,,0,Валиханово,https://www.olx.kz/obyavlenie/rabota/trebuetsya-master-montazhnik-IDpTjND.html,olx.kz,,
АвтоКрановщикТребуется.Водительские праваВСобязательно.До45лет.,,0,,0,"Астана, Алматинский район",https://www.olx.kz/obyavlenie/rabota/avtokranovschiktrebuetsya-voditelskie-pravavsobyazatelno-do45let-IDqr5Rk.html,olx.kz,,
"Требуется кондитер, частичная занятость",,0,,0,"Алматы, Жетысуский район",https://www.olx.kz/obyavlenie/rabota/trebuetsya-konditer-chastichnaya-zanyatost-IDpkZbN.html,olx.kz,,
Водитель дальнобойщик,,0,,0,"Астана, Алматинский район",https://www.olx.kz/obyavlenie/rabota/voditel-dalnoboyschik-IDmUUti.html,olx.kz,,
Водитель камаз с прицепом,,0,,0,"Кокшетау, Первая аптека",https://www.olx.kz/obyavlenie/rabota/voditel-kamaz-s-pritsepom-IDqMshO.html,olx.kz,,
Разнорабочий на зону отдыха,,0,,0,Лепсы,https://www.olx.kz/obyavlenie/rabota/raznorabochiy-na-zonu-otdyha-IDqMapv.html,olx.kz,,
Требуются робочии в лес!,,0,,0,Бесколь,https://www.olx.kz/obyavlenie/rabota/trebuyutsya-robochii-v-les-IDqLRgT.html,olx.kz,,
Срочно требуются ФОРМОВЩИКИ хлебобулочных изделий,,0,,0,Экибастуз,https://www.olx.kz/obyavlenie/rabota/srochno-trebuyutsya-formovschiki-hlebobulochnyh-izdeliy-IDkrRjS.html,olx.kz,,
Требуется кондитер заготовитель,,0,,0,"Караганда, Казыбекбийский район",https://www.olx.kz/obyavlenie/rabota/trebuetsya-konditer-zagotovitel-IDo8WX4.html,olx.kz,,
Менеджер на пункт выдачи заказов в оптовую фирму,,0,,0,"Астана, Сарыаркинский район",https://www.olx.kz/obyavlenie/rabota/menedzher-na-punkt-vydachi-zakazov-v-optovuyu-firmu-IDqKMjc.html,olx.kz,,
Требуется менеджер по Аренде 500тыс,,0,,0,"Астана, Байконурский",https://www.olx.kz/obyavlenie/rabota/trebuetsya-menedzher-po-arende-500tys-IDqMhGh.html,olx.kz,,
Требуется дизайнер мебели,,0,,0,"Алматы, Алмалинский район",https://www.olx.kz/obyavlenie/rabota/trebuetsya-dizayner-mebeli-IDqGYzq.html,olx.kz,,
"Требуется машинисты бульдозеров Т-130,Т-170,ДЭТ-320.",,0,,0,Павлодар,https://www.olx.kz/obyavlenie/rabota/trebuetsya-mashinisty-buldozerov-t-130-t-170-det-320-IDpkaMz.html,olx.kz,,
Примем на работу помощник завсклада,,0,,0,Павлодар,https://www.olx.kz/obyavlenie/rabota/primem-na-rabotu-pomoschnik-zavsklada-IDqGJbd.html,olx.kz,,
В Деляну требуются рабочие,,0,,0,Петропавловск,https://www.olx.kz/obyavlenie/rabota/v-delyanu-trebuyutsya-rabochie-IDq12jX.html,olx.kz,,
Открыта вакансия Бариста,,0,,0,Рудный,https://www.olx.kz/obyavlenie/rabota/otkryta-vakansiya-barista-IDqpyEa.html,olx.kz,,
"Работа в Европе, Корее , США СРОЧНО!",,0,,0,"Алматы, Бостандыкский район",https://www.olx.kz/list/user/4WqRs/,olx.kz,,
На озеро Алаколь на базу отдыха требуется.,,0,,0,Кабанбай,https://www.olx.kz/obyavlenie/rabota/na-ozero-alakol-na-bazu-otdyha-trebuetsya-IDq21PR.html,olx.kz,,
Нужны кладчики на Жк,,0,,0,"Алматы, Алмалинский район",https://www.olx.kz/obyavlenie/rabota/nuzhny-kladchiki-na-zhk-IDqz5Cx.html,olx.kz,,
требуется водитель на Миксер,,0,,0,Затобольск,https://www.olx.kz/obyavlenie/rabota/trebuetsya-voditel-na-mikser-IDqDbIg.html,olx.kz,,
Требуются рабочие на строительство,,0,,0,"Караганда, Казыбекбийский район",https://www.olx.kz/obyavlenie/rabota/trebuyutsya-rabochie-na-stroitelstvo-IDqf8n2.html,olx.kz,,
